Comunidades y Ciudades Autónomas;Sexo;Edad de la madre;Periodo;Total
01 Andalucía;Total;Menos de 15 años;2024;20
01 Andalucía;Total;15 años;2024;47
01 Andalucía;Total;16 años;2024;115
01 Andalucía;Total;17 años;2024;196
01 Andalucía;Total;18 años;2024;406
01 Andalucía;Total;19 años;2024;591
01 Andalucía;Total;20 años;2024;733
01 Andalucía;Total;21 años;2024;899
01 Andalucía;Total;22 años;2024;1.125
01 Andalucía;Total;23 años;2024;1.284
01 Andalucía;Total;24 años;2024;1.591
01 Andalucía;Total;25 años;2024;1.639
01 Andalucía;Total;26 años;2024;1.823
01 Andalucía;Total;27 años;2024;2.187
01 Andalucía;Total;28 años;2024;2.426
01 Andalucía;Total;29 años;2024;2.919
01 Andalucía;Total;30 años;2024;3.331
01 Andalucía;Total;31 años;2024;3.854
01 Andalucía;Total;32 años;2024;4.272
01 Andalucía;Total;33 años;2024;4.273
01 Andalucía;Total;34 años;2024;4.314
01 Andalucía;Total;35 años;2024;4.188
01 Andalucía;Total;36 años;2024;3.899
01 Andalucía;Total;37 años;2024;3.436
01 Andalucía;Total;38 años;2024;2.850
01 Andalucía;Total;39 años;2024;2.320
01 Andalucía;Total;40 años;2024;1.828
01 Andalucía;Total;41 años;2024;1.267
01 Andalucía;Total;42 años;2024;890
01 Andalucía;Total;43 años;2024;587
01 Andalucía;Total;44 años;2024;330
01 Andalucía;Total;45 años;2024;190
01 Andalucía;Total;46 años;2024;121
01 Andalucía;Total;47 años;2024;71
01 Andalucía;Total;48 años;2024;41
01 Andalucía;Total;49 años;2024;29
01 Andalucía;Total;50 y más años;2024;37
01 Andalucía;Hombres;Menos de 15 años;2024;10
01 Andalucía;Hombres;15 años;2024;25
01 Andalucía;Hombres;16 años;2024;54
01 Andalucía;Hombres;17 años;2024;119
01 Andalucía;Hombres;18 años;2024;207
01 Andalucía;Hombres;19 años;2024;305
01 Andalucía;Hombres;20 años;2024;381
01 Andalucía;Hombres;21 años;2024;450
01 Andalucía;Hombres;22 años;2024;571
01 Andalucía;Hombres;23 años;2024;682
01 Andalucía;Hombres;24 años;2024;789
01 Andalucía;Hombres;25 años;2024;827
01 Andalucía;Hombres;26 años;2024;956
01 Andalucía;Hombres;27 años;2024;1.108
01 Andalucía;Hombres;28 años;2024;1.248
01 Andalucía;Hombres;29 años;2024;1.480
01 Andalucía;Hombres;30 años;2024;1.725
01 Andalucía;Hombres;31 años;2024;1.919
01 Andalucía;Hombres;32 años;2024;2.170
01 Andalucía;Hombres;33 años;2024;2.206
01 Andalucía;Hombres;34 años;2024;2.183
01 Andalucía;Hombres;35 años;2024;2.145
01 Andalucía;Hombres;36 años;2024;2.051
01 Andalucía;Hombres;37 años;2024;1.788
01 Andalucía;Hombres;38 años;2024;1.451
01 Andalucía;Hombres;39 años;2024;1.196
01 Andalucía;Hombres;40 años;2024;933
01 Andalucía;Hombres;41 años;2024;615
01 Andalucía;Hombres;42 años;2024;466
01 Andalucía;Hombres;43 años;2024;305
01 Andalucía;Hombres;44 años;2024;178
01 Andalucía;Hombres;45 años;2024;87
01 Andalucía;Hombres;46 años;2024;68
01 Andalucía;Hombres;47 años;2024;37
01 Andalucía;Hombres;48 años;2024;24
01 Andalucía;Hombres;49 años;2024;16
01 Andalucía;Hombres;50 y más años;2024;14
01 Andalucía;Mujeres;Menos de 15 años;2024;10
01 Andalucía;Mujeres;15 años;2024;22
01 Andalucía;Mujeres;16 años;2024;61
01 Andalucía;Mujeres;17 años;2024;77
01 Andalucía;Mujeres;18 años;2024;199
01 Andalucía;Mujeres;19 años;2024;286
01 Andalucía;Mujeres;20 años;2024;352
01 Andalucía;Mujeres;21 años;2024;449
01 Andalucía;Mujeres;22 años;2024;554
01 Andalucía;Mujeres;23 años;2024;602
01 Andalucía;Mujeres;24 años;2024;802
01 Andalucía;Mujeres;25 años;2024;812
01 Andalucía;Mujeres;26 años;2024;867
01 Andalucía;Mujeres;27 años;2024;1.079
01 Andalucía;Mujeres;28 años;2024;1.178
01 Andalucía;Mujeres;29 años;2024;1.439
01 Andalucía;Mujeres;30 años;2024;1.606
01 Andalucía;Mujeres;31 años;2024;1.935
01 Andalucía;Mujeres;32 años;2024;2.102
01 Andalucía;Mujeres;33 años;2024;2.067
01 Andalucía;Mujeres;34 años;2024;2.131
01 Andalucía;Mujeres;35 años;2024;2.043
01 Andalucía;Mujeres;36 años;2024;1.848
01 Andalucía;Mujeres;37 años;2024;1.648
01 Andalucía;Mujeres;38 años;2024;1.399
01 Andalucía;Mujeres;39 años;2024;1.124
01 Andalucía;Mujeres;40 años;2024;895
01 Andalucía;Mujeres;41 años;2024;652
01 Andalucía;Mujeres;42 años;2024;424
01 Andalucía;Mujeres;43 años;2024;282
01 Andalucía;Mujeres;44 años;2024;152
01 Andalucía;Mujeres;45 años;2024;103
01 Andalucía;Mujeres;46 años;2024;53
01 Andalucía;Mujeres;47 años;2024;34
01 Andalucía;Mujeres;48 años;2024;17
01 Andalucía;Mujeres;49 años;2024;13
01 Andalucía;Mujeres;50 y más años;2024;23
02 Aragón;Total;Menos de 15 años;2024;1
02 Aragón;Total;15 años;2024;3
02 Aragón;Total;16 años;2024;12
02 Aragón;Total;17 años;2024;17
02 Aragón;Total;18 años;2024;38
02 Aragón;Total;19 años;2024;59
02 Aragón;Total;20 años;2024;100
02 Aragón;Total;21 años;2024;102
02 Aragón;Total;22 años;2024;118
02 Aragón;Total;23 años;2024;151
02 Aragón;Total;24 años;2024;174
02 Aragón;Total;25 años;2024;179
02 Aragón;Total;26 años;2024;240
02 Aragón;Total;27 años;2024;279
02 Aragón;Total;28 años;2024;310
02 Aragón;Total;29 años;2024;359
02 Aragón;Total;30 años;2024;455
02 Aragón;Total;31 años;2024;531
02 Aragón;Total;32 años;2024;616
02 Aragón;Total;33 años;2024;659
02 Aragón;Total;34 años;2024;681
02 Aragón;Total;35 años;2024;649
02 Aragón;Total;36 años;2024;596
02 Aragón;Total;37 años;2024;591
02 Aragón;Total;38 años;2024;441
02 Aragón;Total;39 años;2024;371
02 Aragón;Total;40 años;2024;299
02 Aragón;Total;41 años;2024;190
02 Aragón;Total;42 años;2024;147
02 Aragón;Total;43 años;2024;92
02 Aragón;Total;44 años;2024;53
02 Aragón;Total;45 años;2024;35
02 Aragón;Total;46 años;2024;22
02 Aragón;Total;47 años;2024;11
02 Aragón;Total;48 años;2024;5
02 Aragón;Total;49 años;2024;2
02 Aragón;Total;50 y más años;2024;9
02 Aragón;Hombres;Menos de 15 años;2024;1
02 Aragón;Hombres;15 años;2024;2
02 Aragón;Hombres;16 años;2024;5
02 Aragón;Hombres;17 años;2024;11
02 Aragón;Hombres;18 años;2024;20
02 Aragón;Hombres;19 años;2024;27
02 Aragón;Hombres;20 años;2024;51
02 Aragón;Hombres;21 años;2024;54
02 Aragón;Hombres;22 años;2024;68
02 Aragón;Hombres;23 años;2024;95
02 Aragón;Hombres;24 años;2024;96
02 Aragón;Hombres;25 años;2024;87
02 Aragón;Hombres;26 años;2024;139
02 Aragón;Hombres;27 años;2024;146
02 Aragón;Hombres;28 años;2024;145
02 Aragón;Hombres;29 años;2024;198
02 Aragón;Hombres;30 años;2024;243
02 Aragón;Hombres;31 años;2024;276
02 Aragón;Hombres;32 años;2024;301
02 Aragón;Hombres;33 años;2024;356
02 Aragón;Hombres;34 años;2024;358
02 Aragón;Hombres;35 años;2024;335
02 Aragón;Hombres;36 años;2024;299
02 Aragón;Hombres;37 años;2024;305
02 Aragón;Hombres;38 años;2024;246
02 Aragón;Hombres;39 años;2024;185
02 Aragón;Hombres;40 años;2024;164
02 Aragón;Hombres;41 años;2024;91
02 Aragón;Hombres;42 años;2024;77
02 Aragón;Hombres;43 años;2024;48
02 Aragón;Hombres;44 años;2024;21
02 Aragón;Hombres;45 años;2024;12
02 Aragón;Hombres;46 años;2024;8
02 Aragón;Hombres;47 años;2024;4
02 Aragón;Hombres;48 años;2024;1
02 Aragón;Hombres;49 años;2024;1
02 Aragón;Hombres;50 y más años;2024;8
02 Aragón;Mujeres;Menos de 15 años;2024;0
02 Aragón;Mujeres;15 años;2024;1
02 Aragón;Mujeres;16 años;2024;7
02 Aragón;Mujeres;17 años;2024;6
02 Aragón;Mujeres;18 años;2024;18
02 Aragón;Mujeres;19 años;2024;32
02 Aragón;Mujeres;20 años;2024;49
02 Aragón;Mujeres;21 años;2024;48
02 Aragón;Mujeres;22 años;2024;50
02 Aragón;Mujeres;23 años;2024;56
02 Aragón;Mujeres;24 años;2024;78
02 Aragón;Mujeres;25 años;2024;92
02 Aragón;Mujeres;26 años;2024;101
02 Aragón;Mujeres;27 años;2024;133
02 Aragón;Mujeres;28 años;2024;165
02 Aragón;Mujeres;29 años;2024;161
02 Aragón;Mujeres;30 años;2024;212
02 Aragón;Mujeres;31 años;2024;255
02 Aragón;Mujeres;32 años;2024;315
02 Aragón;Mujeres;33 años;2024;303
02 Aragón;Mujeres;34 años;2024;323
02 Aragón;Mujeres;35 años;2024;314
02 Aragón;Mujeres;36 años;2024;297
02 Aragón;Mujeres;37 años;2024;286
02 Aragón;Mujeres;38 años;2024;195
02 Aragón;Mujeres;39 años;2024;186
02 Aragón;Mujeres;40 años;2024;135
02 Aragón;Mujeres;41 años;2024;99
02 Aragón;Mujeres;42 años;2024;70
02 Aragón;Mujeres;43 años;2024;44
02 Aragón;Mujeres;44 años;2024;32
02 Aragón;Mujeres;45 años;2024;23
02 Aragón;Mujeres;46 años;2024;14
02 Aragón;Mujeres;47 años;2024;7
02 Aragón;Mujeres;48 años;2024;4
02 Aragón;Mujeres;49 años;2024;1
02 Aragón;Mujeres;50 y más años;2024;1
03 Asturias, Principado de;Total;Menos de 15 años;2024;2
03 Asturias, Principado de;Total;15 años;2024;4
03 Asturias, Principado de;Total;16 años;2024;5
03 Asturias, Principado de;Total;17 años;2024;14
03 Asturias, Principado de;Total;18 años;2024;27
03 Asturias, Principado de;Total;19 años;2024;39
03 Asturias, Principado de;Total;20 años;2024;41
03 Asturias, Principado de;Total;21 años;2024;57
03 Asturias, Principado de;Total;22 años;2024;44
03 Asturias, Principado de;Total;23 años;2024;79
03 Asturias, Principado de;Total;24 años;2024;86
03 Asturias, Principado de;Total;25 años;2024;109
03 Asturias, Principado de;Total;26 años;2024;118
03 Asturias, Principado de;Total;27 años;2024;128
03 Asturias, Principado de;Total;28 años;2024;167
03 Asturias, Principado de;Total;29 años;2024;208
03 Asturias, Principado de;Total;30 años;2024;210
03 Asturias, Principado de;Total;31 años;2024;254
03 Asturias, Principado de;Total;32 años;2024;288
03 Asturias, Principado de;Total;33 años;2024;318
03 Asturias, Principado de;Total;34 años;2024;353
03 Asturias, Principado de;Total;35 años;2024;280
03 Asturias, Principado de;Total;36 años;2024;322
03 Asturias, Principado de;Total;37 años;2024;290
03 Asturias, Principado de;Total;38 años;2024;250
03 Asturias, Principado de;Total;39 años;2024;243
03 Asturias, Principado de;Total;40 años;2024;185
03 Asturias, Principado de;Total;41 años;2024;142
03 Asturias, Principado de;Total;42 años;2024;100
03 Asturias, Principado de;Total;43 años;2024;72
03 Asturias, Principado de;Total;44 años;2024;46
03 Asturias, Principado de;Total;45 años;2024;18
03 Asturias, Principado de;Total;46 años;2024;17
03 Asturias, Principado de;Total;47 años;2024;6
03 Asturias, Principado de;Total;48 años;2024;4
03 Asturias, Principado de;Total;49 años;2024;5
03 Asturias, Principado de;Total;50 y más años;2024;4
03 Asturias, Principado de;Hombres;Menos de 15 años;2024;2
03 Asturias, Principado de;Hombres;15 años;2024;1
03 Asturias, Principado de;Hombres;16 años;2024;3
03 Asturias, Principado de;Hombres;17 años;2024;7
03 Asturias, Principado de;Hombres;18 años;2024;15
03 Asturias, Principado de;Hombres;19 años;2024;22
03 Asturias, Principado de;Hombres;20 años;2024;24
03 Asturias, Principado de;Hombres;21 años;2024;30
03 Asturias, Principado de;Hombres;22 años;2024;19
03 Asturias, Principado de;Hombres;23 años;2024;33
03 Asturias, Principado de;Hombres;24 años;2024;53
03 Asturias, Principado de;Hombres;25 años;2024;66
03 Asturias, Principado de;Hombres;26 años;2024;65
03 Asturias, Principado de;Hombres;27 años;2024;73
03 Asturias, Principado de;Hombres;28 años;2024;89
03 Asturias, Principado de;Hombres;29 años;2024;107
03 Asturias, Principado de;Hombres;30 años;2024;108
03 Asturias, Principado de;Hombres;31 años;2024;122
03 Asturias, Principado de;Hombres;32 años;2024;156
03 Asturias, Principado de;Hombres;33 años;2024;161
03 Asturias, Principado de;Hombres;34 años;2024;185
03 Asturias, Principado de;Hombres;35 años;2024;153
03 Asturias, Principado de;Hombres;36 años;2024;161
03 Asturias, Principado de;Hombres;37 años;2024;156
03 Asturias, Principado de;Hombres;38 años;2024;131
03 Asturias, Principado de;Hombres;39 años;2024;124
03 Asturias, Principado de;Hombres;40 años;2024;91
03 Asturias, Principado de;Hombres;41 años;2024;73
03 Asturias, Principado de;Hombres;42 años;2024;55
03 Asturias, Principado de;Hombres;43 años;2024;40
03 Asturias, Principado de;Hombres;44 años;2024;27
03 Asturias, Principado de;Hombres;45 años;2024;8
03 Asturias, Principado de;Hombres;46 años;2024;7
03 Asturias, Principado de;Hombres;47 años;2024;3
03 Asturias, Principado de;Hombres;48 años;2024;3
03 Asturias, Principado de;Hombres;49 años;2024;3
03 Asturias, Principado de;Hombres;50 y más años;2024;3
03 Asturias, Principado de;Mujeres;Menos de 15 años;2024;0
03 Asturias, Principado de;Mujeres;15 años;2024;3
03 Asturias, Principado de;Mujeres;16 años;2024;2
03 Asturias, Principado de;Mujeres;17 años;2024;7
03 Asturias, Principado de;Mujeres;18 años;2024;12
03 Asturias, Principado de;Mujeres;19 años;2024;17
03 Asturias, Principado de;Mujeres;20 años;2024;17
03 Asturias, Principado de;Mujeres;21 años;2024;27
03 Asturias, Principado de;Mujeres;22 años;2024;25
03 Asturias, Principado de;Mujeres;23 años;2024;46
03 Asturias, Principado de;Mujeres;24 años;2024;33
03 Asturias, Principado de;Mujeres;25 años;2024;43
03 Asturias, Principado de;Mujeres;26 años;2024;53
03 Asturias, Principado de;Mujeres;27 años;2024;55
03 Asturias, Principado de;Mujeres;28 años;2024;78
03 Asturias, Principado de;Mujeres;29 años;2024;101
03 Asturias, Principado de;Mujeres;30 años;2024;102
03 Asturias, Principado de;Mujeres;31 años;2024;132
03 Asturias, Principado de;Mujeres;32 años;2024;132
03 Asturias, Principado de;Mujeres;33 años;2024;157
03 Asturias, Principado de;Mujeres;34 años;2024;168
03 Asturias, Principado de;Mujeres;35 años;2024;127
03 Asturias, Principado de;Mujeres;36 años;2024;161
03 Asturias, Principado de;Mujeres;37 años;2024;134
03 Asturias, Principado de;Mujeres;38 años;2024;119
03 Asturias, Principado de;Mujeres;39 años;2024;119
03 Asturias, Principado de;Mujeres;40 años;2024;94
03 Asturias, Principado de;Mujeres;41 años;2024;69
03 Asturias, Principado de;Mujeres;42 años;2024;45
03 Asturias, Principado de;Mujeres;43 años;2024;32
03 Asturias, Principado de;Mujeres;44 años;2024;19
03 Asturias, Principado de;Mujeres;45 años;2024;10
03 Asturias, Principado de;Mujeres;46 años;2024;10
03 Asturias, Principado de;Mujeres;47 años;2024;3
03 Asturias, Principado de;Mujeres;48 años;2024;1
03 Asturias, Principado de;Mujeres;49 años;2024;2
03 Asturias, Principado de;Mujeres;50 y más años;2024;1
04 Balears, Illes;Total;Menos de 15 años;2024;3
04 Balears, Illes;Total;15 años;2024;4
04 Balears, Illes;Total;16 años;2024;8
04 Balears, Illes;Total;17 años;2024;19
04 Balears, Illes;Total;18 años;2024;49
04 Balears, Illes;Total;19 años;2024;78
04 Balears, Illes;Total;20 años;2024;103
04 Balears, Illes;Total;21 años;2024;155
04 Balears, Illes;Total;22 años;2024;145
04 Balears, Illes;Total;23 años;2024;190
04 Balears, Illes;Total;24 años;2024;213
04 Balears, Illes;Total;25 años;2024;237
04 Balears, Illes;Total;26 años;2024;302
04 Balears, Illes;Total;27 años;2024;346
04 Balears, Illes;Total;28 años;2024;402
04 Balears, Illes;Total;29 años;2024;462
04 Balears, Illes;Total;30 años;2024;559
04 Balears, Illes;Total;31 años;2024;550
04 Balears, Illes;Total;32 años;2024;617
04 Balears, Illes;Total;33 años;2024;625
04 Balears, Illes;Total;34 años;2024;646
04 Balears, Illes;Total;35 años;2024;590
04 Balears, Illes;Total;36 años;2024;554
04 Balears, Illes;Total;37 años;2024;516
04 Balears, Illes;Total;38 años;2024;439
04 Balears, Illes;Total;39 años;2024;361
04 Balears, Illes;Total;40 años;2024;263
04 Balears, Illes;Total;41 años;2024;218
04 Balears, Illes;Total;42 años;2024;157
04 Balears, Illes;Total;43 años;2024;94
04 Balears, Illes;Total;44 años;2024;60
04 Balears, Illes;Total;45 años;2024;41
04 Balears, Illes;Total;46 años;2024;23
04 Balears, Illes;Total;47 años;2024;14
04 Balears, Illes;Total;48 años;2024;8
04 Balears, Illes;Total;49 años;2024;11
04 Balears, Illes;Total;50 y más años;2024;5
04 Balears, Illes;Hombres;Menos de 15 años;2024;1
04 Balears, Illes;Hombres;15 años;2024;4
04 Balears, Illes;Hombres;16 años;2024;5
04 Balears, Illes;Hombres;17 años;2024;10
04 Balears, Illes;Hombres;18 años;2024;25
04 Balears, Illes;Hombres;19 años;2024;41
04 Balears, Illes;Hombres;20 años;2024;61
04 Balears, Illes;Hombres;21 años;2024;76
04 Balears, Illes;Hombres;22 años;2024;85
04 Balears, Illes;Hombres;23 años;2024;95
04 Balears, Illes;Hombres;24 años;2024;99
04 Balears, Illes;Hombres;25 años;2024;117
04 Balears, Illes;Hombres;26 años;2024;148
04 Balears, Illes;Hombres;27 años;2024;182
04 Balears, Illes;Hombres;28 años;2024;210
04 Balears, Illes;Hombres;29 años;2024;230
04 Balears, Illes;Hombres;30 años;2024;278
04 Balears, Illes;Hombres;31 años;2024;300
04 Balears, Illes;Hombres;32 años;2024;325
04 Balears, Illes;Hombres;33 años;2024;329
04 Balears, Illes;Hombres;34 años;2024;325
04 Balears, Illes;Hombres;35 años;2024;299
04 Balears, Illes;Hombres;36 años;2024;283
04 Balears, Illes;Hombres;37 años;2024;265
04 Balears, Illes;Hombres;38 años;2024;227
04 Balears, Illes;Hombres;39 años;2024;197
04 Balears, Illes;Hombres;40 años;2024;138
04 Balears, Illes;Hombres;41 años;2024;118
04 Balears, Illes;Hombres;42 años;2024;68
04 Balears, Illes;Hombres;43 años;2024;48
04 Balears, Illes;Hombres;44 años;2024;25
04 Balears, Illes;Hombres;45 años;2024;20
04 Balears, Illes;Hombres;46 años;2024;13
04 Balears, Illes;Hombres;47 años;2024;4
04 Balears, Illes;Hombres;48 años;2024;2
04 Balears, Illes;Hombres;49 años;2024;4
04 Balears, Illes;Hombres;50 y más años;2024;5
04 Balears, Illes;Mujeres;Menos de 15 años;2024;2
04 Balears, Illes;Mujeres;15 años;2024;""
04 Balears, Illes;Mujeres;16 años;2024;3
04 Balears, Illes;Mujeres;17 años;2024;9
04 Balears, Illes;Mujeres;18 años;2024;24
04 Balears, Illes;Mujeres;19 años;2024;37
04 Balears, Illes;Mujeres;20 años;2024;42
04 Balears, Illes;Mujeres;21 años;2024;79
04 Balears, Illes;Mujeres;22 años;2024;60
04 Balears, Illes;Mujeres;23 años;2024;95
04 Balears, Illes;Mujeres;24 años;2024;114
04 Balears, Illes;Mujeres;25 años;2024;120
04 Balears, Illes;Mujeres;26 años;2024;154
04 Balears, Illes;Mujeres;27 años;2024;164
04 Balears, Illes;Mujeres;28 años;2024;192
04 Balears, Illes;Mujeres;29 años;2024;232
04 Balears, Illes;Mujeres;30 años;2024;281
04 Balears, Illes;Mujeres;31 años;2024;250
04 Balears, Illes;Mujeres;32 años;2024;292
04 Balears, Illes;Mujeres;33 años;2024;296
04 Balears, Illes;Mujeres;34 años;2024;321
04 Balears, Illes;Mujeres;35 años;2024;291
04 Balears, Illes;Mujeres;36 años;2024;271
04 Balears, Illes;Mujeres;37 años;2024;251
04 Balears, Illes;Mujeres;38 años;2024;212
04 Balears, Illes;Mujeres;39 años;2024;164
04 Balears, Illes;Mujeres;40 años;2024;125
04 Balears, Illes;Mujeres;41 años;2024;100
04 Balears, Illes;Mujeres;42 años;2024;89
04 Balears, Illes;Mujeres;43 años;2024;46
04 Balears, Illes;Mujeres;44 años;2024;35
04 Balears, Illes;Mujeres;45 años;2024;21
04 Balears, Illes;Mujeres;46 años;2024;10
04 Balears, Illes;Mujeres;47 años;2024;10
04 Balears, Illes;Mujeres;48 años;2024;6
04 Balears, Illes;Mujeres;49 años;2024;7
04 Balears, Illes;Mujeres;50 y más años;2024;0
05 Canarias;Total;Menos de 15 años;2024;3
05 Canarias;Total;15 años;2024;5
05 Canarias;Total;16 años;2024;13
05 Canarias;Total;17 años;2024;27
05 Canarias;Total;18 años;2024;53
05 Canarias;Total;19 años;2024;107
05 Canarias;Total;20 años;2024;146
05 Canarias;Total;21 años;2024;200
05 Canarias;Total;22 años;2024;213
05 Canarias;Total;23 años;2024;273
05 Canarias;Total;24 años;2024;343
05 Canarias;Total;25 años;2024;400
05 Canarias;Total;26 años;2024;418
05 Canarias;Total;27 años;2024;568
05 Canarias;Total;28 años;2024;567
05 Canarias;Total;29 años;2024;603
05 Canarias;Total;30 años;2024;661
05 Canarias;Total;31 años;2024;701
05 Canarias;Total;32 años;2024;731
05 Canarias;Total;33 años;2024;779
05 Canarias;Total;34 años;2024;779
05 Canarias;Total;35 años;2024;734
05 Canarias;Total;36 años;2024;692
05 Canarias;Total;37 años;2024;584
05 Canarias;Total;38 años;2024;494
05 Canarias;Total;39 años;2024;442
05 Canarias;Total;40 años;2024;387
05 Canarias;Total;41 años;2024;299
05 Canarias;Total;42 años;2024;155
05 Canarias;Total;43 años;2024;124
05 Canarias;Total;44 años;2024;74
05 Canarias;Total;45 años;2024;49
05 Canarias;Total;46 años;2024;23
05 Canarias;Total;47 años;2024;13
05 Canarias;Total;48 años;2024;10
05 Canarias;Total;49 años;2024;13
05 Canarias;Total;50 y más años;2024;16
05 Canarias;Hombres;Menos de 15 años;2024;2
05 Canarias;Hombres;15 años;2024;2
05 Canarias;Hombres;16 años;2024;5
05 Canarias;Hombres;17 años;2024;11
05 Canarias;Hombres;18 años;2024;26
05 Canarias;Hombres;19 años;2024;61
05 Canarias;Hombres;20 años;2024;83
05 Canarias;Hombres;21 años;2024;106
05 Canarias;Hombres;22 años;2024;114
05 Canarias;Hombres;23 años;2024;148
05 Canarias;Hombres;24 años;2024;169
05 Canarias;Hombres;25 años;2024;209
05 Canarias;Hombres;26 años;2024;234
05 Canarias;Hombres;27 años;2024;308
05 Canarias;Hombres;28 años;2024;268
05 Canarias;Hombres;29 años;2024;315
05 Canarias;Hombres;30 años;2024;340
05 Canarias;Hombres;31 años;2024;354
05 Canarias;Hombres;32 años;2024;375
05 Canarias;Hombres;33 años;2024;393
05 Canarias;Hombres;34 años;2024;379
05 Canarias;Hombres;35 años;2024;363
05 Canarias;Hombres;36 años;2024;348
05 Canarias;Hombres;37 años;2024;287
05 Canarias;Hombres;38 años;2024;255
05 Canarias;Hombres;39 años;2024;226
05 Canarias;Hombres;40 años;2024;204
05 Canarias;Hombres;41 años;2024;157
05 Canarias;Hombres;42 años;2024;89
05 Canarias;Hombres;43 años;2024;53
05 Canarias;Hombres;44 años;2024;43
05 Canarias;Hombres;45 años;2024;24
05 Canarias;Hombres;46 años;2024;11
05 Canarias;Hombres;47 años;2024;9
05 Canarias;Hombres;48 años;2024;5
05 Canarias;Hombres;49 años;2024;7
05 Canarias;Hombres;50 y más años;2024;6
05 Canarias;Mujeres;Menos de 15 años;2024;1
05 Canarias;Mujeres;15 años;2024;3
05 Canarias;Mujeres;16 años;2024;8
05 Canarias;Mujeres;17 años;2024;16
05 Canarias;Mujeres;18 años;2024;27
05 Canarias;Mujeres;19 años;2024;46
05 Canarias;Mujeres;20 años;2024;63
05 Canarias;Mujeres;21 años;2024;94
05 Canarias;Mujeres;22 años;2024;99
05 Canarias;Mujeres;23 años;2024;125
05 Canarias;Mujeres;24 años;2024;174
05 Canarias;Mujeres;25 años;2024;191
05 Canarias;Mujeres;26 años;2024;184
05 Canarias;Mujeres;27 años;2024;260
05 Canarias;Mujeres;28 años;2024;299
05 Canarias;Mujeres;29 años;2024;288
05 Canarias;Mujeres;30 años;2024;321
05 Canarias;Mujeres;31 años;2024;347
05 Canarias;Mujeres;32 años;2024;356
05 Canarias;Mujeres;33 años;2024;386
05 Canarias;Mujeres;34 años;2024;400
05 Canarias;Mujeres;35 años;2024;371
05 Canarias;Mujeres;36 años;2024;344
05 Canarias;Mujeres;37 años;2024;297
05 Canarias;Mujeres;38 años;2024;239
05 Canarias;Mujeres;39 años;2024;216
05 Canarias;Mujeres;40 años;2024;183
05 Canarias;Mujeres;41 años;2024;142
05 Canarias;Mujeres;42 años;2024;66
05 Canarias;Mujeres;43 años;2024;71
05 Canarias;Mujeres;44 años;2024;31
05 Canarias;Mujeres;45 años;2024;25
05 Canarias;Mujeres;46 años;2024;12
05 Canarias;Mujeres;47 años;2024;4
05 Canarias;Mujeres;48 años;2024;5
05 Canarias;Mujeres;49 años;2024;6
05 Canarias;Mujeres;50 y más años;2024;10
06 Cantabria;Total;Menos de 15 años;2024;0
06 Cantabria;Total;15 años;2024;""
06 Cantabria;Total;16 años;2024;4
06 Cantabria;Total;17 años;2024;1
06 Cantabria;Total;18 años;2024;7
06 Cantabria;Total;19 años;2024;20
06 Cantabria;Total;20 años;2024;30
06 Cantabria;Total;21 años;2024;31
06 Cantabria;Total;22 años;2024;34
06 Cantabria;Total;23 años;2024;47
06 Cantabria;Total;24 años;2024;52
06 Cantabria;Total;25 años;2024;56
06 Cantabria;Total;26 años;2024;74
06 Cantabria;Total;27 años;2024;86
06 Cantabria;Total;28 años;2024;90
06 Cantabria;Total;29 años;2024;129
06 Cantabria;Total;30 años;2024;142
06 Cantabria;Total;31 años;2024;193
06 Cantabria;Total;32 años;2024;213
06 Cantabria;Total;33 años;2024;223
06 Cantabria;Total;34 años;2024;240
06 Cantabria;Total;35 años;2024;239
06 Cantabria;Total;36 años;2024;216
06 Cantabria;Total;37 años;2024;214
06 Cantabria;Total;38 años;2024;166
06 Cantabria;Total;39 años;2024;144
06 Cantabria;Total;40 años;2024;121
06 Cantabria;Total;41 años;2024;85
06 Cantabria;Total;42 años;2024;65
06 Cantabria;Total;43 años;2024;33
06 Cantabria;Total;44 años;2024;23
06 Cantabria;Total;45 años;2024;11
06 Cantabria;Total;46 años;2024;12
06 Cantabria;Total;47 años;2024;5
06 Cantabria;Total;48 años;2024;4
06 Cantabria;Total;49 años;2024;""
06 Cantabria;Total;50 y más años;2024;3
06 Cantabria;Hombres;Menos de 15 años;2024;0
06 Cantabria;Hombres;15 años;2024;""
06 Cantabria;Hombres;16 años;2024;2
06 Cantabria;Hombres;17 años;2024;1
06 Cantabria;Hombres;18 años;2024;6
06 Cantabria;Hombres;19 años;2024;10
06 Cantabria;Hombres;20 años;2024;17
06 Cantabria;Hombres;21 años;2024;17
06 Cantabria;Hombres;22 años;2024;19
06 Cantabria;Hombres;23 años;2024;22
06 Cantabria;Hombres;24 años;2024;30
06 Cantabria;Hombres;25 años;2024;37
06 Cantabria;Hombres;26 años;2024;36
06 Cantabria;Hombres;27 años;2024;36
06 Cantabria;Hombres;28 años;2024;48
06 Cantabria;Hombres;29 años;2024;70
06 Cantabria;Hombres;30 años;2024;66
06 Cantabria;Hombres;31 años;2024;93
06 Cantabria;Hombres;32 años;2024;121
06 Cantabria;Hombres;33 años;2024;114
06 Cantabria;Hombres;34 años;2024;125
06 Cantabria;Hombres;35 años;2024;127
06 Cantabria;Hombres;36 años;2024;102
06 Cantabria;Hombres;37 años;2024;104
06 Cantabria;Hombres;38 años;2024;96
06 Cantabria;Hombres;39 años;2024;70
06 Cantabria;Hombres;40 años;2024;60
06 Cantabria;Hombres;41 años;2024;38
06 Cantabria;Hombres;42 años;2024;33
06 Cantabria;Hombres;43 años;2024;15
06 Cantabria;Hombres;44 años;2024;15
06 Cantabria;Hombres;45 años;2024;2
06 Cantabria;Hombres;46 años;2024;6
06 Cantabria;Hombres;47 años;2024;2
06 Cantabria;Hombres;48 años;2024;2
06 Cantabria;Hombres;49 años;2024;""
06 Cantabria;Hombres;50 y más años;2024;3
06 Cantabria;Mujeres;Menos de 15 años;2024;0
06 Cantabria;Mujeres;15 años;2024;""
06 Cantabria;Mujeres;16 años;2024;2
06 Cantabria;Mujeres;17 años;2024;""
06 Cantabria;Mujeres;18 años;2024;1
06 Cantabria;Mujeres;19 años;2024;10
06 Cantabria;Mujeres;20 años;2024;13
06 Cantabria;Mujeres;21 años;2024;14
06 Cantabria;Mujeres;22 años;2024;15
06 Cantabria;Mujeres;23 años;2024;25
06 Cantabria;Mujeres;24 años;2024;22
06 Cantabria;Mujeres;25 años;2024;19
06 Cantabria;Mujeres;26 años;2024;38
06 Cantabria;Mujeres;27 años;2024;50
06 Cantabria;Mujeres;28 años;2024;42
06 Cantabria;Mujeres;29 años;2024;59
06 Cantabria;Mujeres;30 años;2024;76
06 Cantabria;Mujeres;31 años;2024;100
06 Cantabria;Mujeres;32 años;2024;92
06 Cantabria;Mujeres;33 años;2024;109
06 Cantabria;Mujeres;34 años;2024;115
06 Cantabria;Mujeres;35 años;2024;112
06 Cantabria;Mujeres;36 años;2024;114
06 Cantabria;Mujeres;37 años;2024;110
06 Cantabria;Mujeres;38 años;2024;70
06 Cantabria;Mujeres;39 años;2024;74
06 Cantabria;Mujeres;40 años;2024;61
06 Cantabria;Mujeres;41 años;2024;47
06 Cantabria;Mujeres;42 años;2024;32
06 Cantabria;Mujeres;43 años;2024;18
06 Cantabria;Mujeres;44 años;2024;8
06 Cantabria;Mujeres;45 años;2024;9
06 Cantabria;Mujeres;46 años;2024;6
06 Cantabria;Mujeres;47 años;2024;3
06 Cantabria;Mujeres;48 años;2024;2
06 Cantabria;Mujeres;49 años;2024;""
06 Cantabria;Mujeres;50 y más años;2024;0
07 Castilla y León;Total;Menos de 15 años;2024;3
07 Castilla y León;Total;15 años;2024;10
07 Castilla y León;Total;16 años;2024;31
07 Castilla y León;Total;17 años;2024;45
07 Castilla y León;Total;18 años;2024;69
07 Castilla y León;Total;19 años;2024;101
07 Castilla y León;Total;20 años;2024;114
07 Castilla y León;Total;21 años;2024;188
07 Castilla y León;Total;22 años;2024;185
07 Castilla y León;Total;23 años;2024;217
07 Castilla y León;Total;24 años;2024;221
07 Castilla y León;Total;25 años;2024;282
07 Castilla y León;Total;26 años;2024;298
07 Castilla y León;Total;27 años;2024;386
07 Castilla y León;Total;28 años;2024;443
07 Castilla y León;Total;29 años;2024;489
07 Castilla y León;Total;30 años;2024;570
07 Castilla y León;Total;31 años;2024;762
07 Castilla y León;Total;32 años;2024;777
07 Castilla y León;Total;33 años;2024;914
07 Castilla y León;Total;34 años;2024;910
07 Castilla y León;Total;35 años;2024;974
07 Castilla y León;Total;36 años;2024;909
07 Castilla y León;Total;37 años;2024;831
07 Castilla y León;Total;38 años;2024;729
07 Castilla y León;Total;39 años;2024;601
07 Castilla y León;Total;40 años;2024;483
07 Castilla y León;Total;41 años;2024;368
07 Castilla y León;Total;42 años;2024;257
07 Castilla y León;Total;43 años;2024;146
07 Castilla y León;Total;44 años;2024;90
07 Castilla y León;Total;45 años;2024;62
07 Castilla y León;Total;46 años;2024;34
07 Castilla y León;Total;47 años;2024;20
07 Castilla y León;Total;48 años;2024;9
07 Castilla y León;Total;49 años;2024;5
07 Castilla y León;Total;50 y más años;2024;8
07 Castilla y León;Hombres;Menos de 15 años;2024;3
07 Castilla y León;Hombres;15 años;2024;4
07 Castilla y León;Hombres;16 años;2024;16
07 Castilla y León;Hombres;17 años;2024;21
07 Castilla y León;Hombres;18 años;2024;30
07 Castilla y León;Hombres;19 años;2024;43
07 Castilla y León;Hombres;20 años;2024;55
07 Castilla y León;Hombres;21 años;2024;103
07 Castilla y León;Hombres;22 años;2024;91
07 Castilla y León;Hombres;23 años;2024;103
07 Castilla y León;Hombres;24 años;2024;122
07 Castilla y León;Hombres;25 años;2024;140
07 Castilla y León;Hombres;26 años;2024;146
07 Castilla y León;Hombres;27 años;2024;192
07 Castilla y León;Hombres;28 años;2024;232
07 Castilla y León;Hombres;29 años;2024;243
07 Castilla y León;Hombres;30 años;2024;292
07 Castilla y León;Hombres;31 años;2024;387
07 Castilla y León;Hombres;32 años;2024;409
07 Castilla y León;Hombres;33 años;2024;496
07 Castilla y León;Hombres;34 años;2024;473
07 Castilla y León;Hombres;35 años;2024;503
07 Castilla y León;Hombres;36 años;2024;483
07 Castilla y León;Hombres;37 años;2024;426
07 Castilla y León;Hombres;38 años;2024;388
07 Castilla y León;Hombres;39 años;2024;317
07 Castilla y León;Hombres;40 años;2024;246
07 Castilla y León;Hombres;41 años;2024;206
07 Castilla y León;Hombres;42 años;2024;133
07 Castilla y León;Hombres;43 años;2024;82
07 Castilla y León;Hombres;44 años;2024;47
07 Castilla y León;Hombres;45 años;2024;31
07 Castilla y León;Hombres;46 años;2024;19
07 Castilla y León;Hombres;47 años;2024;10
07 Castilla y León;Hombres;48 años;2024;6
07 Castilla y León;Hombres;49 años;2024;4
07 Castilla y León;Hombres;50 y más años;2024;4
07 Castilla y León;Mujeres;Menos de 15 años;2024;0
07 Castilla y León;Mujeres;15 años;2024;6
07 Castilla y León;Mujeres;16 años;2024;15
07 Castilla y León;Mujeres;17 años;2024;24
07 Castilla y León;Mujeres;18 años;2024;39
07 Castilla y León;Mujeres;19 años;2024;58
07 Castilla y León;Mujeres;20 años;2024;59
07 Castilla y León;Mujeres;21 años;2024;85
07 Castilla y León;Mujeres;22 años;2024;94
07 Castilla y León;Mujeres;23 años;2024;114
07 Castilla y León;Mujeres;24 años;2024;99
07 Castilla y León;Mujeres;25 años;2024;142
07 Castilla y León;Mujeres;26 años;2024;152
07 Castilla y León;Mujeres;27 años;2024;194
07 Castilla y León;Mujeres;28 años;2024;211
07 Castilla y León;Mujeres;29 años;2024;246
07 Castilla y León;Mujeres;30 años;2024;278
07 Castilla y León;Mujeres;31 años;2024;375
07 Castilla y León;Mujeres;32 años;2024;368
07 Castilla y León;Mujeres;33 años;2024;418
07 Castilla y León;Mujeres;34 años;2024;437
07 Castilla y León;Mujeres;35 años;2024;471
07 Castilla y León;Mujeres;36 años;2024;426
07 Castilla y León;Mujeres;37 años;2024;405
07 Castilla y León;Mujeres;38 años;2024;341
07 Castilla y León;Mujeres;39 años;2024;284
07 Castilla y León;Mujeres;40 años;2024;237
07 Castilla y León;Mujeres;41 años;2024;162
07 Castilla y León;Mujeres;42 años;2024;124
07 Castilla y León;Mujeres;43 años;2024;64
07 Castilla y León;Mujeres;44 años;2024;43
07 Castilla y León;Mujeres;45 años;2024;31
07 Castilla y León;Mujeres;46 años;2024;15
07 Castilla y León;Mujeres;47 años;2024;10
07 Castilla y León;Mujeres;48 años;2024;3
07 Castilla y León;Mujeres;49 años;2024;1
07 Castilla y León;Mujeres;50 y más años;2024;4
08 Castilla - La Mancha;Total;Menos de 15 años;2024;3
08 Castilla - La Mancha;Total;15 años;2024;17
08 Castilla - La Mancha;Total;16 años;2024;34
08 Castilla - La Mancha;Total;17 años;2024;57
08 Castilla - La Mancha;Total;18 años;2024;74
08 Castilla - La Mancha;Total;19 años;2024;115
08 Castilla - La Mancha;Total;20 años;2024;161
08 Castilla - La Mancha;Total;21 años;2024;187
08 Castilla - La Mancha;Total;22 años;2024;232
08 Castilla - La Mancha;Total;23 años;2024;291
08 Castilla - La Mancha;Total;24 años;2024;317
08 Castilla - La Mancha;Total;25 años;2024;385
08 Castilla - La Mancha;Total;26 años;2024;410
08 Castilla - La Mancha;Total;27 años;2024;516
08 Castilla - La Mancha;Total;28 años;2024;574
08 Castilla - La Mancha;Total;29 años;2024;665
08 Castilla - La Mancha;Total;30 años;2024;775
08 Castilla - La Mancha;Total;31 años;2024;958
08 Castilla - La Mancha;Total;32 años;2024;983
08 Castilla - La Mancha;Total;33 años;2024;995
08 Castilla - La Mancha;Total;34 años;2024;1.031
08 Castilla - La Mancha;Total;35 años;2024;1.044
08 Castilla - La Mancha;Total;36 años;2024;893
08 Castilla - La Mancha;Total;37 años;2024;849
08 Castilla - La Mancha;Total;38 años;2024;725
08 Castilla - La Mancha;Total;39 años;2024;575
08 Castilla - La Mancha;Total;40 años;2024;467
08 Castilla - La Mancha;Total;41 años;2024;300
08 Castilla - La Mancha;Total;42 años;2024;241
08 Castilla - La Mancha;Total;43 años;2024;127
08 Castilla - La Mancha;Total;44 años;2024;82
08 Castilla - La Mancha;Total;45 años;2024;42
08 Castilla - La Mancha;Total;46 años;2024;26
08 Castilla - La Mancha;Total;47 años;2024;10
08 Castilla - La Mancha;Total;48 años;2024;15
08 Castilla - La Mancha;Total;49 años;2024;7
08 Castilla - La Mancha;Total;50 y más años;2024;14
08 Castilla - La Mancha;Hombres;Menos de 15 años;2024;2
08 Castilla - La Mancha;Hombres;15 años;2024;6
08 Castilla - La Mancha;Hombres;16 años;2024;20
08 Castilla - La Mancha;Hombres;17 años;2024;32
08 Castilla - La Mancha;Hombres;18 años;2024;41
08 Castilla - La Mancha;Hombres;19 años;2024;50
08 Castilla - La Mancha;Hombres;20 años;2024;84
08 Castilla - La Mancha;Hombres;21 años;2024;102
08 Castilla - La Mancha;Hombres;22 años;2024;114
08 Castilla - La Mancha;Hombres;23 años;2024;155
08 Castilla - La Mancha;Hombres;24 años;2024;168
08 Castilla - La Mancha;Hombres;25 años;2024;215
08 Castilla - La Mancha;Hombres;26 años;2024;207
08 Castilla - La Mancha;Hombres;27 años;2024;279
08 Castilla - La Mancha;Hombres;28 años;2024;298
08 Castilla - La Mancha;Hombres;29 años;2024;346
08 Castilla - La Mancha;Hombres;30 años;2024;399
08 Castilla - La Mancha;Hombres;31 años;2024;481
08 Castilla - La Mancha;Hombres;32 años;2024;505
08 Castilla - La Mancha;Hombres;33 años;2024;514
08 Castilla - La Mancha;Hombres;34 años;2024;518
08 Castilla - La Mancha;Hombres;35 años;2024;575
08 Castilla - La Mancha;Hombres;36 años;2024;460
08 Castilla - La Mancha;Hombres;37 años;2024;473
08 Castilla - La Mancha;Hombres;38 años;2024;389
08 Castilla - La Mancha;Hombres;39 años;2024;298
08 Castilla - La Mancha;Hombres;40 años;2024;230
08 Castilla - La Mancha;Hombres;41 años;2024;163
08 Castilla - La Mancha;Hombres;42 años;2024;127
08 Castilla - La Mancha;Hombres;43 años;2024;67
08 Castilla - La Mancha;Hombres;44 años;2024;36
08 Castilla - La Mancha;Hombres;45 años;2024;18
08 Castilla - La Mancha;Hombres;46 años;2024;17
08 Castilla - La Mancha;Hombres;47 años;2024;4
08 Castilla - La Mancha;Hombres;48 años;2024;6
08 Castilla - La Mancha;Hombres;49 años;2024;5
08 Castilla - La Mancha;Hombres;50 y más años;2024;2
08 Castilla - La Mancha;Mujeres;Menos de 15 años;2024;1
08 Castilla - La Mancha;Mujeres;15 años;2024;11
08 Castilla - La Mancha;Mujeres;16 años;2024;14
08 Castilla - La Mancha;Mujeres;17 años;2024;25
08 Castilla - La Mancha;Mujeres;18 años;2024;33
08 Castilla - La Mancha;Mujeres;19 años;2024;65
08 Castilla - La Mancha;Mujeres;20 años;2024;77
08 Castilla - La Mancha;Mujeres;21 años;2024;85
08 Castilla - La Mancha;Mujeres;22 años;2024;118
08 Castilla - La Mancha;Mujeres;23 años;2024;136
08 Castilla - La Mancha;Mujeres;24 años;2024;149
08 Castilla - La Mancha;Mujeres;25 años;2024;170
08 Castilla - La Mancha;Mujeres;26 años;2024;203
08 Castilla - La Mancha;Mujeres;27 años;2024;237
08 Castilla - La Mancha;Mujeres;28 años;2024;276
08 Castilla - La Mancha;Mujeres;29 años;2024;319
08 Castilla - La Mancha;Mujeres;30 años;2024;376
08 Castilla - La Mancha;Mujeres;31 años;2024;477
08 Castilla - La Mancha;Mujeres;32 años;2024;478
08 Castilla - La Mancha;Mujeres;33 años;2024;481
08 Castilla - La Mancha;Mujeres;34 años;2024;513
08 Castilla - La Mancha;Mujeres;35 años;2024;469
08 Castilla - La Mancha;Mujeres;36 años;2024;433
08 Castilla - La Mancha;Mujeres;37 años;2024;376
08 Castilla - La Mancha;Mujeres;38 años;2024;336
08 Castilla - La Mancha;Mujeres;39 años;2024;277
08 Castilla - La Mancha;Mujeres;40 años;2024;237
08 Castilla - La Mancha;Mujeres;41 años;2024;137
08 Castilla - La Mancha;Mujeres;42 años;2024;114
08 Castilla - La Mancha;Mujeres;43 años;2024;60
08 Castilla - La Mancha;Mujeres;44 años;2024;46
08 Castilla - La Mancha;Mujeres;45 años;2024;24
08 Castilla - La Mancha;Mujeres;46 años;2024;9
08 Castilla - La Mancha;Mujeres;47 años;2024;6
08 Castilla - La Mancha;Mujeres;48 años;2024;9
08 Castilla - La Mancha;Mujeres;49 años;2024;2
08 Castilla - La Mancha;Mujeres;50 y más años;2024;12
09 Cataluña;Total;Menos de 15 años;2024;10
09 Cataluña;Total;15 años;2024;24
09 Cataluña;Total;16 años;2024;52
09 Cataluña;Total;17 años;2024;89
09 Cataluña;Total;18 años;2024;211
09 Cataluña;Total;19 años;2024;367
09 Cataluña;Total;20 años;2024;508
09 Cataluña;Total;21 años;2024;644
09 Cataluña;Total;22 años;2024;827
09 Cataluña;Total;23 años;2024;1.013
09 Cataluña;Total;24 años;2024;1.314
09 Cataluña;Total;25 años;2024;1.498
09 Cataluña;Total;26 años;2024;1.696
09 Cataluña;Total;27 años;2024;1.920
09 Cataluña;Total;28 años;2024;2.327
09 Cataluña;Total;29 años;2024;2.559
09 Cataluña;Total;30 años;2024;3.021
09 Cataluña;Total;31 años;2024;3.428
09 Cataluña;Total;32 años;2024;3.782
09 Cataluña;Total;33 años;2024;3.800
09 Cataluña;Total;34 años;2024;4.026
09 Cataluña;Total;35 años;2024;3.780
09 Cataluña;Total;36 años;2024;3.502
09 Cataluña;Total;37 años;2024;3.093
09 Cataluña;Total;38 años;2024;2.531
09 Cataluña;Total;39 años;2024;2.230
09 Cataluña;Total;40 años;2024;1.733
09 Cataluña;Total;41 años;2024;1.272
09 Cataluña;Total;42 años;2024;906
09 Cataluña;Total;43 años;2024;575
09 Cataluña;Total;44 años;2024;348
09 Cataluña;Total;45 años;2024;262
09 Cataluña;Total;46 años;2024;164
09 Cataluña;Total;47 años;2024;82
09 Cataluña;Total;48 años;2024;57
09 Cataluña;Total;49 años;2024;41
09 Cataluña;Total;50 y más años;2024;55
09 Cataluña;Hombres;Menos de 15 años;2024;6
09 Cataluña;Hombres;15 años;2024;11
09 Cataluña;Hombres;16 años;2024;28
09 Cataluña;Hombres;17 años;2024;44
09 Cataluña;Hombres;18 años;2024;100
09 Cataluña;Hombres;19 años;2024;197
09 Cataluña;Hombres;20 años;2024;255
09 Cataluña;Hombres;21 años;2024;340
09 Cataluña;Hombres;22 años;2024;446
09 Cataluña;Hombres;23 años;2024;504
09 Cataluña;Hombres;24 años;2024;685
09 Cataluña;Hombres;25 años;2024;733
09 Cataluña;Hombres;26 años;2024;872
09 Cataluña;Hombres;27 años;2024;1.000
09 Cataluña;Hombres;28 años;2024;1.224
09 Cataluña;Hombres;29 años;2024;1.289
09 Cataluña;Hombres;30 años;2024;1.562
09 Cataluña;Hombres;31 años;2024;1.762
09 Cataluña;Hombres;32 años;2024;1.940
09 Cataluña;Hombres;33 años;2024;1.940
09 Cataluña;Hombres;34 años;2024;2.073
09 Cataluña;Hombres;35 años;2024;1.930
09 Cataluña;Hombres;36 años;2024;1.786
09 Cataluña;Hombres;37 años;2024;1.577
09 Cataluña;Hombres;38 años;2024;1.249
09 Cataluña;Hombres;39 años;2024;1.183
09 Cataluña;Hombres;40 años;2024;903
09 Cataluña;Hombres;41 años;2024;661
09 Cataluña;Hombres;42 años;2024;483
09 Cataluña;Hombres;43 años;2024;289
09 Cataluña;Hombres;44 años;2024;184
09 Cataluña;Hombres;45 años;2024;127
09 Cataluña;Hombres;46 años;2024;69
09 Cataluña;Hombres;47 años;2024;49
09 Cataluña;Hombres;48 años;2024;29
09 Cataluña;Hombres;49 años;2024;22
09 Cataluña;Hombres;50 y más años;2024;25
09 Cataluña;Mujeres;Menos de 15 años;2024;4
09 Cataluña;Mujeres;15 años;2024;13
09 Cataluña;Mujeres;16 años;2024;24
09 Cataluña;Mujeres;17 años;2024;45
09 Cataluña;Mujeres;18 años;2024;111
09 Cataluña;Mujeres;19 años;2024;170
09 Cataluña;Mujeres;20 años;2024;253
09 Cataluña;Mujeres;21 años;2024;304
09 Cataluña;Mujeres;22 años;2024;381
09 Cataluña;Mujeres;23 años;2024;509
09 Cataluña;Mujeres;24 años;2024;629
09 Cataluña;Mujeres;25 años;2024;765
09 Cataluña;Mujeres;26 años;2024;824
09 Cataluña;Mujeres;27 años;2024;920
09 Cataluña;Mujeres;28 años;2024;1.103
09 Cataluña;Mujeres;29 años;2024;1.270
09 Cataluña;Mujeres;30 años;2024;1.459
09 Cataluña;Mujeres;31 años;2024;1.666
09 Cataluña;Mujeres;32 años;2024;1.842
09 Cataluña;Mujeres;33 años;2024;1.860
09 Cataluña;Mujeres;34 años;2024;1.953
09 Cataluña;Mujeres;35 años;2024;1.850
09 Cataluña;Mujeres;36 años;2024;1.716
09 Cataluña;Mujeres;37 años;2024;1.516
09 Cataluña;Mujeres;38 años;2024;1.282
09 Cataluña;Mujeres;39 años;2024;1.047
09 Cataluña;Mujeres;40 años;2024;830
09 Cataluña;Mujeres;41 años;2024;611
09 Cataluña;Mujeres;42 años;2024;423
09 Cataluña;Mujeres;43 años;2024;286
09 Cataluña;Mujeres;44 años;2024;164
09 Cataluña;Mujeres;45 años;2024;135
09 Cataluña;Mujeres;46 años;2024;95
09 Cataluña;Mujeres;47 años;2024;33
09 Cataluña;Mujeres;48 años;2024;28
09 Cataluña;Mujeres;49 años;2024;19
09 Cataluña;Mujeres;50 y más años;2024;30
10 Comunitat Valenciana;Total;Menos de 15 años;2024;9
10 Comunitat Valenciana;Total;15 años;2024;28
10 Comunitat Valenciana;Total;16 años;2024;56
10 Comunitat Valenciana;Total;17 años;2024;92
10 Comunitat Valenciana;Total;18 años;2024;205
10 Comunitat Valenciana;Total;19 años;2024;299
10 Comunitat Valenciana;Total;20 años;2024;417
10 Comunitat Valenciana;Total;21 años;2024;525
10 Comunitat Valenciana;Total;22 años;2024;596
10 Comunitat Valenciana;Total;23 años;2024;681
10 Comunitat Valenciana;Total;24 años;2024;829
10 Comunitat Valenciana;Total;25 años;2024;975
10 Comunitat Valenciana;Total;26 años;2024;1.036
10 Comunitat Valenciana;Total;27 años;2024;1.244
10 Comunitat Valenciana;Total;28 años;2024;1.438
10 Comunitat Valenciana;Total;29 años;2024;1.688
10 Comunitat Valenciana;Total;30 años;2024;1.967
10 Comunitat Valenciana;Total;31 años;2024;2.270
10 Comunitat Valenciana;Total;32 años;2024;2.461
10 Comunitat Valenciana;Total;33 años;2024;2.515
10 Comunitat Valenciana;Total;34 años;2024;2.465
10 Comunitat Valenciana;Total;35 años;2024;2.521
10 Comunitat Valenciana;Total;36 años;2024;2.302
10 Comunitat Valenciana;Total;37 años;2024;2.028
10 Comunitat Valenciana;Total;38 años;2024;1.760
10 Comunitat Valenciana;Total;39 años;2024;1.493
10 Comunitat Valenciana;Total;40 años;2024;1.161
10 Comunitat Valenciana;Total;41 años;2024;846
10 Comunitat Valenciana;Total;42 años;2024;577
10 Comunitat Valenciana;Total;43 años;2024;405
10 Comunitat Valenciana;Total;44 años;2024;229
10 Comunitat Valenciana;Total;45 años;2024;166
10 Comunitat Valenciana;Total;46 años;2024;87
10 Comunitat Valenciana;Total;47 años;2024;58
10 Comunitat Valenciana;Total;48 años;2024;30
10 Comunitat Valenciana;Total;49 años;2024;30
10 Comunitat Valenciana;Total;50 y más años;2024;33
10 Comunitat Valenciana;Hombres;Menos de 15 años;2024;5
10 Comunitat Valenciana;Hombres;15 años;2024;15
10 Comunitat Valenciana;Hombres;16 años;2024;27
10 Comunitat Valenciana;Hombres;17 años;2024;54
10 Comunitat Valenciana;Hombres;18 años;2024;111
10 Comunitat Valenciana;Hombres;19 años;2024;152
10 Comunitat Valenciana;Hombres;20 años;2024;214
10 Comunitat Valenciana;Hombres;21 años;2024;276
10 Comunitat Valenciana;Hombres;22 años;2024;300
10 Comunitat Valenciana;Hombres;23 años;2024;365
10 Comunitat Valenciana;Hombres;24 años;2024;428
10 Comunitat Valenciana;Hombres;25 años;2024;496
10 Comunitat Valenciana;Hombres;26 años;2024;534
10 Comunitat Valenciana;Hombres;27 años;2024;647
10 Comunitat Valenciana;Hombres;28 años;2024;734
10 Comunitat Valenciana;Hombres;29 años;2024;884
10 Comunitat Valenciana;Hombres;30 años;2024;1.004
10 Comunitat Valenciana;Hombres;31 años;2024;1.150
10 Comunitat Valenciana;Hombres;32 años;2024;1.257
10 Comunitat Valenciana;Hombres;33 años;2024;1.256
10 Comunitat Valenciana;Hombres;34 años;2024;1.338
10 Comunitat Valenciana;Hombres;35 años;2024;1.312
10 Comunitat Valenciana;Hombres;36 años;2024;1.163
10 Comunitat Valenciana;Hombres;37 años;2024;1.079
10 Comunitat Valenciana;Hombres;38 años;2024;892
10 Comunitat Valenciana;Hombres;39 años;2024;799
10 Comunitat Valenciana;Hombres;40 años;2024;618
10 Comunitat Valenciana;Hombres;41 años;2024;431
10 Comunitat Valenciana;Hombres;42 años;2024;299
10 Comunitat Valenciana;Hombres;43 años;2024;194
10 Comunitat Valenciana;Hombres;44 años;2024;134
10 Comunitat Valenciana;Hombres;45 años;2024;77
10 Comunitat Valenciana;Hombres;46 años;2024;37
10 Comunitat Valenciana;Hombres;47 años;2024;42
10 Comunitat Valenciana;Hombres;48 años;2024;12
10 Comunitat Valenciana;Hombres;49 años;2024;17
10 Comunitat Valenciana;Hombres;50 y más años;2024;19
10 Comunitat Valenciana;Mujeres;Menos de 15 años;2024;4
10 Comunitat Valenciana;Mujeres;15 años;2024;13
10 Comunitat Valenciana;Mujeres;16 años;2024;29
10 Comunitat Valenciana;Mujeres;17 años;2024;38
10 Comunitat Valenciana;Mujeres;18 años;2024;94
10 Comunitat Valenciana;Mujeres;19 años;2024;147
10 Comunitat Valenciana;Mujeres;20 años;2024;203
10 Comunitat Valenciana;Mujeres;21 años;2024;249
10 Comunitat Valenciana;Mujeres;22 años;2024;296
10 Comunitat Valenciana;Mujeres;23 años;2024;316
10 Comunitat Valenciana;Mujeres;24 años;2024;401
10 Comunitat Valenciana;Mujeres;25 años;2024;479
10 Comunitat Valenciana;Mujeres;26 años;2024;502
10 Comunitat Valenciana;Mujeres;27 años;2024;597
10 Comunitat Valenciana;Mujeres;28 años;2024;704
10 Comunitat Valenciana;Mujeres;29 años;2024;804
10 Comunitat Valenciana;Mujeres;30 años;2024;963
10 Comunitat Valenciana;Mujeres;31 años;2024;1.120
10 Comunitat Valenciana;Mujeres;32 años;2024;1.204
10 Comunitat Valenciana;Mujeres;33 años;2024;1.259
10 Comunitat Valenciana;Mujeres;34 años;2024;1.127
10 Comunitat Valenciana;Mujeres;35 años;2024;1.209
10 Comunitat Valenciana;Mujeres;36 años;2024;1.139
10 Comunitat Valenciana;Mujeres;37 años;2024;949
10 Comunitat Valenciana;Mujeres;38 años;2024;868
10 Comunitat Valenciana;Mujeres;39 años;2024;694
10 Comunitat Valenciana;Mujeres;40 años;2024;543
10 Comunitat Valenciana;Mujeres;41 años;2024;415
10 Comunitat Valenciana;Mujeres;42 años;2024;278
10 Comunitat Valenciana;Mujeres;43 años;2024;211
10 Comunitat Valenciana;Mujeres;44 años;2024;95
10 Comunitat Valenciana;Mujeres;45 años;2024;89
10 Comunitat Valenciana;Mujeres;46 años;2024;50
10 Comunitat Valenciana;Mujeres;47 años;2024;16
10 Comunitat Valenciana;Mujeres;48 años;2024;18
10 Comunitat Valenciana;Mujeres;49 años;2024;13
10 Comunitat Valenciana;Mujeres;50 y más años;2024;14
11 Extremadura;Total;Menos de 15 años;2024;4
11 Extremadura;Total;15 años;2024;6
11 Extremadura;Total;16 años;2024;18
11 Extremadura;Total;17 años;2024;23
11 Extremadura;Total;18 años;2024;36
11 Extremadura;Total;19 años;2024;61
11 Extremadura;Total;20 años;2024;67
11 Extremadura;Total;21 años;2024;86
11 Extremadura;Total;22 años;2024;108
11 Extremadura;Total;23 años;2024;108
11 Extremadura;Total;24 años;2024;145
11 Extremadura;Total;25 años;2024;157
11 Extremadura;Total;26 años;2024;185
11 Extremadura;Total;27 años;2024;240
11 Extremadura;Total;28 años;2024;256
11 Extremadura;Total;29 años;2024;335
11 Extremadura;Total;30 años;2024;351
11 Extremadura;Total;31 años;2024;392
11 Extremadura;Total;32 años;2024;449
11 Extremadura;Total;33 años;2024;492
11 Extremadura;Total;34 años;2024;524
11 Extremadura;Total;35 años;2024;460
11 Extremadura;Total;36 años;2024;455
11 Extremadura;Total;37 años;2024;411
11 Extremadura;Total;38 años;2024;330
11 Extremadura;Total;39 años;2024;256
11 Extremadura;Total;40 años;2024;196
11 Extremadura;Total;41 años;2024;142
11 Extremadura;Total;42 años;2024;95
11 Extremadura;Total;43 años;2024;71
11 Extremadura;Total;44 años;2024;34
11 Extremadura;Total;45 años;2024;21
11 Extremadura;Total;46 años;2024;10
11 Extremadura;Total;47 años;2024;7
11 Extremadura;Total;48 años;2024;2
11 Extremadura;Total;49 años;2024;2
11 Extremadura;Total;50 y más años;2024;2
11 Extremadura;Hombres;Menos de 15 años;2024;4
11 Extremadura;Hombres;15 años;2024;5
11 Extremadura;Hombres;16 años;2024;10
11 Extremadura;Hombres;17 años;2024;12
11 Extremadura;Hombres;18 años;2024;18
11 Extremadura;Hombres;19 años;2024;33
11 Extremadura;Hombres;20 años;2024;27
11 Extremadura;Hombres;21 años;2024;48
11 Extremadura;Hombres;22 años;2024;61
11 Extremadura;Hombres;23 años;2024;52
11 Extremadura;Hombres;24 años;2024;71
11 Extremadura;Hombres;25 años;2024;77
11 Extremadura;Hombres;26 años;2024;89
11 Extremadura;Hombres;27 años;2024;124
11 Extremadura;Hombres;28 años;2024;124
11 Extremadura;Hombres;29 años;2024;176
11 Extremadura;Hombres;30 años;2024;175
11 Extremadura;Hombres;31 años;2024;203
11 Extremadura;Hombres;32 años;2024;224
11 Extremadura;Hombres;33 años;2024;257
11 Extremadura;Hombres;34 años;2024;268
11 Extremadura;Hombres;35 años;2024;246
11 Extremadura;Hombres;36 años;2024;237
11 Extremadura;Hombres;37 años;2024;224
11 Extremadura;Hombres;38 años;2024;152
11 Extremadura;Hombres;39 años;2024;120
11 Extremadura;Hombres;40 años;2024;96
11 Extremadura;Hombres;41 años;2024;84
11 Extremadura;Hombres;42 años;2024;53
11 Extremadura;Hombres;43 años;2024;35
11 Extremadura;Hombres;44 años;2024;21
11 Extremadura;Hombres;45 años;2024;10
11 Extremadura;Hombres;46 años;2024;8
11 Extremadura;Hombres;47 años;2024;3
11 Extremadura;Hombres;48 años;2024;2
11 Extremadura;Hombres;49 años;2024;1
11 Extremadura;Hombres;50 y más años;2024;1
11 Extremadura;Mujeres;Menos de 15 años;2024;0
11 Extremadura;Mujeres;15 años;2024;1
11 Extremadura;Mujeres;16 años;2024;8
11 Extremadura;Mujeres;17 años;2024;11
11 Extremadura;Mujeres;18 años;2024;18
11 Extremadura;Mujeres;19 años;2024;28
11 Extremadura;Mujeres;20 años;2024;40
11 Extremadura;Mujeres;21 años;2024;38
11 Extremadura;Mujeres;22 años;2024;47
11 Extremadura;Mujeres;23 años;2024;56
11 Extremadura;Mujeres;24 años;2024;74
11 Extremadura;Mujeres;25 años;2024;80
11 Extremadura;Mujeres;26 años;2024;96
11 Extremadura;Mujeres;27 años;2024;116
11 Extremadura;Mujeres;28 años;2024;132
11 Extremadura;Mujeres;29 años;2024;159
11 Extremadura;Mujeres;30 años;2024;176
11 Extremadura;Mujeres;31 años;2024;189
11 Extremadura;Mujeres;32 años;2024;225
11 Extremadura;Mujeres;33 años;2024;235
11 Extremadura;Mujeres;34 años;2024;256
11 Extremadura;Mujeres;35 años;2024;214
11 Extremadura;Mujeres;36 años;2024;218
11 Extremadura;Mujeres;37 años;2024;187
11 Extremadura;Mujeres;38 años;2024;178
11 Extremadura;Mujeres;39 años;2024;136
11 Extremadura;Mujeres;40 años;2024;100
11 Extremadura;Mujeres;41 años;2024;58
11 Extremadura;Mujeres;42 años;2024;42
11 Extremadura;Mujeres;43 años;2024;36
11 Extremadura;Mujeres;44 años;2024;13
11 Extremadura;Mujeres;45 años;2024;11
11 Extremadura;Mujeres;46 años;2024;2
11 Extremadura;Mujeres;47 años;2024;4
11 Extremadura;Mujeres;48 años;2024;""
11 Extremadura;Mujeres;49 años;2024;1
11 Extremadura;Mujeres;50 y más años;2024;1
12 Galicia;Total;Menos de 15 años;2024;1
12 Galicia;Total;15 años;2024;4
12 Galicia;Total;16 años;2024;7
12 Galicia;Total;17 años;2024;16
12 Galicia;Total;18 años;2024;42
12 Galicia;Total;19 años;2024;91
12 Galicia;Total;20 años;2024;104
12 Galicia;Total;21 años;2024;135
12 Galicia;Total;22 años;2024;164
12 Galicia;Total;23 años;2024;194
12 Galicia;Total;24 años;2024;217
12 Galicia;Total;25 años;2024;244
12 Galicia;Total;26 años;2024;313
12 Galicia;Total;27 años;2024;356
12 Galicia;Total;28 años;2024;463
12 Galicia;Total;29 años;2024;574
12 Galicia;Total;30 años;2024;617
12 Galicia;Total;31 años;2024;761
12 Galicia;Total;32 años;2024;881
12 Galicia;Total;33 años;2024;909
12 Galicia;Total;34 años;2024;1.006
12 Galicia;Total;35 años;2024;999
12 Galicia;Total;36 años;2024;967
12 Galicia;Total;37 años;2024;903
12 Galicia;Total;38 años;2024;819
12 Galicia;Total;39 años;2024;678
12 Galicia;Total;40 años;2024;553
12 Galicia;Total;41 años;2024;459
12 Galicia;Total;42 años;2024;295
12 Galicia;Total;43 años;2024;181
12 Galicia;Total;44 años;2024;149
12 Galicia;Total;45 años;2024;104
12 Galicia;Total;46 años;2024;51
12 Galicia;Total;47 años;2024;35
12 Galicia;Total;48 años;2024;25
12 Galicia;Total;49 años;2024;16
12 Galicia;Total;50 y más años;2024;17
12 Galicia;Hombres;Menos de 15 años;2024;0
12 Galicia;Hombres;15 años;2024;2
12 Galicia;Hombres;16 años;2024;3
12 Galicia;Hombres;17 años;2024;10
12 Galicia;Hombres;18 años;2024;22
12 Galicia;Hombres;19 años;2024;45
12 Galicia;Hombres;20 años;2024;52
12 Galicia;Hombres;21 años;2024;65
12 Galicia;Hombres;22 años;2024;80
12 Galicia;Hombres;23 años;2024;119
12 Galicia;Hombres;24 años;2024;105
12 Galicia;Hombres;25 años;2024;139
12 Galicia;Hombres;26 años;2024;163
12 Galicia;Hombres;27 años;2024;190
12 Galicia;Hombres;28 años;2024;232
12 Galicia;Hombres;29 años;2024;315
12 Galicia;Hombres;30 años;2024;331
12 Galicia;Hombres;31 años;2024;386
12 Galicia;Hombres;32 años;2024;466
12 Galicia;Hombres;33 años;2024;476
12 Galicia;Hombres;34 años;2024;514
12 Galicia;Hombres;35 años;2024;515
12 Galicia;Hombres;36 años;2024;484
12 Galicia;Hombres;37 años;2024;465
12 Galicia;Hombres;38 años;2024;422
12 Galicia;Hombres;39 años;2024;349
12 Galicia;Hombres;40 años;2024;308
12 Galicia;Hombres;41 años;2024;219
12 Galicia;Hombres;42 años;2024;162
12 Galicia;Hombres;43 años;2024;98
12 Galicia;Hombres;44 años;2024;82
12 Galicia;Hombres;45 años;2024;52
12 Galicia;Hombres;46 años;2024;23
12 Galicia;Hombres;47 años;2024;17
12 Galicia;Hombres;48 años;2024;11
12 Galicia;Hombres;49 años;2024;5
12 Galicia;Hombres;50 y más años;2024;10
12 Galicia;Mujeres;Menos de 15 años;2024;1
12 Galicia;Mujeres;15 años;2024;2
12 Galicia;Mujeres;16 años;2024;4
12 Galicia;Mujeres;17 años;2024;6
12 Galicia;Mujeres;18 años;2024;20
12 Galicia;Mujeres;19 años;2024;46
12 Galicia;Mujeres;20 años;2024;52
12 Galicia;Mujeres;21 años;2024;70
12 Galicia;Mujeres;22 años;2024;84
12 Galicia;Mujeres;23 años;2024;75
12 Galicia;Mujeres;24 años;2024;112
12 Galicia;Mujeres;25 años;2024;105
12 Galicia;Mujeres;26 años;2024;150
12 Galicia;Mujeres;27 años;2024;166
12 Galicia;Mujeres;28 años;2024;231
12 Galicia;Mujeres;29 años;2024;259
12 Galicia;Mujeres;30 años;2024;286
12 Galicia;Mujeres;31 años;2024;375
12 Galicia;Mujeres;32 años;2024;415
12 Galicia;Mujeres;33 años;2024;433
12 Galicia;Mujeres;34 años;2024;492
12 Galicia;Mujeres;35 años;2024;484
12 Galicia;Mujeres;36 años;2024;483
12 Galicia;Mujeres;37 años;2024;438
12 Galicia;Mujeres;38 años;2024;397
12 Galicia;Mujeres;39 años;2024;329
12 Galicia;Mujeres;40 años;2024;245
12 Galicia;Mujeres;41 años;2024;240
12 Galicia;Mujeres;42 años;2024;133
12 Galicia;Mujeres;43 años;2024;83
12 Galicia;Mujeres;44 años;2024;67
12 Galicia;Mujeres;45 años;2024;52
12 Galicia;Mujeres;46 años;2024;28
12 Galicia;Mujeres;47 años;2024;18
12 Galicia;Mujeres;48 años;2024;14
12 Galicia;Mujeres;49 años;2024;11
12 Galicia;Mujeres;50 y más años;2024;7
13 Madrid, Comunidad de;Total;Menos de 15 años;2024;18
13 Madrid, Comunidad de;Total;15 años;2024;25
13 Madrid, Comunidad de;Total;16 años;2024;57
13 Madrid, Comunidad de;Total;17 años;2024;95
13 Madrid, Comunidad de;Total;18 años;2024;181
13 Madrid, Comunidad de;Total;19 años;2024;273
13 Madrid, Comunidad de;Total;20 años;2024;434
13 Madrid, Comunidad de;Total;21 años;2024;563
13 Madrid, Comunidad de;Total;22 años;2024;611
13 Madrid, Comunidad de;Total;23 años;2024;794
13 Madrid, Comunidad de;Total;24 años;2024;948
13 Madrid, Comunidad de;Total;25 años;2024;1.010
13 Madrid, Comunidad de;Total;26 años;2024;1.248
13 Madrid, Comunidad de;Total;27 años;2024;1.513
13 Madrid, Comunidad de;Total;28 años;2024;1.844
13 Madrid, Comunidad de;Total;29 años;2024;2.294
13 Madrid, Comunidad de;Total;30 años;2024;2.630
13 Madrid, Comunidad de;Total;31 años;2024;3.167
13 Madrid, Comunidad de;Total;32 años;2024;3.385
13 Madrid, Comunidad de;Total;33 años;2024;3.686
13 Madrid, Comunidad de;Total;34 años;2024;3.851
13 Madrid, Comunidad de;Total;35 años;2024;3.915
13 Madrid, Comunidad de;Total;36 años;2024;3.773
13 Madrid, Comunidad de;Total;37 años;2024;3.240
13 Madrid, Comunidad de;Total;38 años;2024;2.796
13 Madrid, Comunidad de;Total;39 años;2024;2.358
13 Madrid, Comunidad de;Total;40 años;2024;1.906
13 Madrid, Comunidad de;Total;41 años;2024;1.421
13 Madrid, Comunidad de;Total;42 años;2024;986
13 Madrid, Comunidad de;Total;43 años;2024;665
13 Madrid, Comunidad de;Total;44 años;2024;420
13 Madrid, Comunidad de;Total;45 años;2024;263
13 Madrid, Comunidad de;Total;46 años;2024;153
13 Madrid, Comunidad de;Total;47 años;2024;97
13 Madrid, Comunidad de;Total;48 años;2024;64
13 Madrid, Comunidad de;Total;49 años;2024;27
13 Madrid, Comunidad de;Total;50 y más años;2024;59
13 Madrid, Comunidad de;Hombres;Menos de 15 años;2024;6
13 Madrid, Comunidad de;Hombres;15 años;2024;16
13 Madrid, Comunidad de;Hombres;16 años;2024;32
13 Madrid, Comunidad de;Hombres;17 años;2024;51
13 Madrid, Comunidad de;Hombres;18 años;2024;95
13 Madrid, Comunidad de;Hombres;19 años;2024;141
13 Madrid, Comunidad de;Hombres;20 años;2024;225
13 Madrid, Comunidad de;Hombres;21 años;2024;319
13 Madrid, Comunidad de;Hombres;22 años;2024;315
13 Madrid, Comunidad de;Hombres;23 años;2024;444
13 Madrid, Comunidad de;Hombres;24 años;2024;498
13 Madrid, Comunidad de;Hombres;25 años;2024;535
13 Madrid, Comunidad de;Hombres;26 años;2024;589
13 Madrid, Comunidad de;Hombres;27 años;2024;768
13 Madrid, Comunidad de;Hombres;28 años;2024;934
13 Madrid, Comunidad de;Hombres;29 años;2024;1.195
13 Madrid, Comunidad de;Hombres;30 años;2024;1.382
13 Madrid, Comunidad de;Hombres;31 años;2024;1.607
13 Madrid, Comunidad de;Hombres;32 años;2024;1.760
13 Madrid, Comunidad de;Hombres;33 años;2024;1.902
13 Madrid, Comunidad de;Hombres;34 años;2024;1.969
13 Madrid, Comunidad de;Hombres;35 años;2024;2.040
13 Madrid, Comunidad de;Hombres;36 años;2024;2.008
13 Madrid, Comunidad de;Hombres;37 años;2024;1.669
13 Madrid, Comunidad de;Hombres;38 años;2024;1.424
13 Madrid, Comunidad de;Hombres;39 años;2024;1.223
13 Madrid, Comunidad de;Hombres;40 años;2024;978
13 Madrid, Comunidad de;Hombres;41 años;2024;720
13 Madrid, Comunidad de;Hombres;42 años;2024;492
13 Madrid, Comunidad de;Hombres;43 años;2024;324
13 Madrid, Comunidad de;Hombres;44 años;2024;198
13 Madrid, Comunidad de;Hombres;45 años;2024;139
13 Madrid, Comunidad de;Hombres;46 años;2024;80
13 Madrid, Comunidad de;Hombres;47 años;2024;60
13 Madrid, Comunidad de;Hombres;48 años;2024;24
13 Madrid, Comunidad de;Hombres;49 años;2024;11
13 Madrid, Comunidad de;Hombres;50 y más años;2024;26
13 Madrid, Comunidad de;Mujeres;Menos de 15 años;2024;12
13 Madrid, Comunidad de;Mujeres;15 años;2024;9
13 Madrid, Comunidad de;Mujeres;16 años;2024;25
13 Madrid, Comunidad de;Mujeres;17 años;2024;44
13 Madrid, Comunidad de;Mujeres;18 años;2024;86
13 Madrid, Comunidad de;Mujeres;19 años;2024;132
13 Madrid, Comunidad de;Mujeres;20 años;2024;209
13 Madrid, Comunidad de;Mujeres;21 años;2024;244
13 Madrid, Comunidad de;Mujeres;22 años;2024;296
13 Madrid, Comunidad de;Mujeres;23 años;2024;350
13 Madrid, Comunidad de;Mujeres;24 años;2024;450
13 Madrid, Comunidad de;Mujeres;25 años;2024;475
13 Madrid, Comunidad de;Mujeres;26 años;2024;659
13 Madrid, Comunidad de;Mujeres;27 años;2024;745
13 Madrid, Comunidad de;Mujeres;28 años;2024;910
13 Madrid, Comunidad de;Mujeres;29 años;2024;1.099
13 Madrid, Comunidad de;Mujeres;30 años;2024;1.248
13 Madrid, Comunidad de;Mujeres;31 años;2024;1.560
13 Madrid, Comunidad de;Mujeres;32 años;2024;1.625
13 Madrid, Comunidad de;Mujeres;33 años;2024;1.784
13 Madrid, Comunidad de;Mujeres;34 años;2024;1.882
13 Madrid, Comunidad de;Mujeres;35 años;2024;1.875
13 Madrid, Comunidad de;Mujeres;36 años;2024;1.765
13 Madrid, Comunidad de;Mujeres;37 años;2024;1.571
13 Madrid, Comunidad de;Mujeres;38 años;2024;1.372
13 Madrid, Comunidad de;Mujeres;39 años;2024;1.135
13 Madrid, Comunidad de;Mujeres;40 años;2024;928
13 Madrid, Comunidad de;Mujeres;41 años;2024;701
13 Madrid, Comunidad de;Mujeres;42 años;2024;494
13 Madrid, Comunidad de;Mujeres;43 años;2024;341
13 Madrid, Comunidad de;Mujeres;44 años;2024;222
13 Madrid, Comunidad de;Mujeres;45 años;2024;124
13 Madrid, Comunidad de;Mujeres;46 años;2024;73
13 Madrid, Comunidad de;Mujeres;47 años;2024;37
13 Madrid, Comunidad de;Mujeres;48 años;2024;40
13 Madrid, Comunidad de;Mujeres;49 años;2024;16
13 Madrid, Comunidad de;Mujeres;50 y más años;2024;33
14 Murcia, Región de;Total;Menos de 15 años;2024;5
14 Murcia, Región de;Total;15 años;2024;8
14 Murcia, Región de;Total;16 años;2024;24
14 Murcia, Región de;Total;17 años;2024;46
14 Murcia, Región de;Total;18 años;2024;82
14 Murcia, Región de;Total;19 años;2024;138
14 Murcia, Región de;Total;20 años;2024;164
14 Murcia, Región de;Total;21 años;2024;197
14 Murcia, Región de;Total;22 años;2024;253
14 Murcia, Región de;Total;23 años;2024;288
14 Murcia, Región de;Total;24 años;2024;326
14 Murcia, Región de;Total;25 años;2024;367
14 Murcia, Región de;Total;26 años;2024;436
14 Murcia, Región de;Total;27 años;2024;544
14 Murcia, Región de;Total;28 años;2024;538
14 Murcia, Región de;Total;29 años;2024;617
14 Murcia, Región de;Total;30 años;2024;665
14 Murcia, Región de;Total;31 años;2024;744
14 Murcia, Región de;Total;32 años;2024;844
14 Murcia, Región de;Total;33 años;2024;877
14 Murcia, Región de;Total;34 años;2024;865
14 Murcia, Región de;Total;35 años;2024;868
14 Murcia, Región de;Total;36 años;2024;776
14 Murcia, Región de;Total;37 años;2024;635
14 Murcia, Región de;Total;38 años;2024;558
14 Murcia, Región de;Total;39 años;2024;483
14 Murcia, Región de;Total;40 años;2024;386
14 Murcia, Región de;Total;41 años;2024;271
14 Murcia, Región de;Total;42 años;2024;185
14 Murcia, Región de;Total;43 años;2024;120
14 Murcia, Región de;Total;44 años;2024;88
14 Murcia, Región de;Total;45 años;2024;43
14 Murcia, Región de;Total;46 años;2024;26
14 Murcia, Región de;Total;47 años;2024;19
14 Murcia, Región de;Total;48 años;2024;8
14 Murcia, Región de;Total;49 años;2024;2
14 Murcia, Región de;Total;50 y más años;2024;8
14 Murcia, Región de;Hombres;Menos de 15 años;2024;3
14 Murcia, Región de;Hombres;15 años;2024;4
14 Murcia, Región de;Hombres;16 años;2024;10
14 Murcia, Región de;Hombres;17 años;2024;21
14 Murcia, Región de;Hombres;18 años;2024;41
14 Murcia, Región de;Hombres;19 años;2024;59
14 Murcia, Región de;Hombres;20 años;2024;85
14 Murcia, Región de;Hombres;21 años;2024;99
14 Murcia, Región de;Hombres;22 años;2024;147
14 Murcia, Región de;Hombres;23 años;2024;157
14 Murcia, Región de;Hombres;24 años;2024;156
14 Murcia, Región de;Hombres;25 años;2024;190
14 Murcia, Región de;Hombres;26 años;2024;215
14 Murcia, Región de;Hombres;27 años;2024;285
14 Murcia, Región de;Hombres;28 años;2024;285
14 Murcia, Región de;Hombres;29 años;2024;331
14 Murcia, Región de;Hombres;30 años;2024;362
14 Murcia, Región de;Hombres;31 años;2024;392
14 Murcia, Región de;Hombres;32 años;2024;446
14 Murcia, Región de;Hombres;33 años;2024;462
14 Murcia, Región de;Hombres;34 años;2024;416
14 Murcia, Región de;Hombres;35 años;2024;432
14 Murcia, Región de;Hombres;36 años;2024;377
14 Murcia, Región de;Hombres;37 años;2024;320
14 Murcia, Región de;Hombres;38 años;2024;264
14 Murcia, Región de;Hombres;39 años;2024;251
14 Murcia, Región de;Hombres;40 años;2024;184
14 Murcia, Región de;Hombres;41 años;2024;161
14 Murcia, Región de;Hombres;42 años;2024;98
14 Murcia, Región de;Hombres;43 años;2024;67
14 Murcia, Región de;Hombres;44 años;2024;45
14 Murcia, Región de;Hombres;45 años;2024;17
14 Murcia, Región de;Hombres;46 años;2024;14
14 Murcia, Región de;Hombres;47 años;2024;8
14 Murcia, Región de;Hombres;48 años;2024;5
14 Murcia, Región de;Hombres;49 años;2024;1
14 Murcia, Región de;Hombres;50 y más años;2024;6
14 Murcia, Región de;Mujeres;Menos de 15 años;2024;2
14 Murcia, Región de;Mujeres;15 años;2024;4
14 Murcia, Región de;Mujeres;16 años;2024;14
14 Murcia, Región de;Mujeres;17 años;2024;25
14 Murcia, Región de;Mujeres;18 años;2024;41
14 Murcia, Región de;Mujeres;19 años;2024;79
14 Murcia, Región de;Mujeres;20 años;2024;79
14 Murcia, Región de;Mujeres;21 años;2024;98
14 Murcia, Región de;Mujeres;22 años;2024;106
14 Murcia, Región de;Mujeres;23 años;2024;131
14 Murcia, Región de;Mujeres;24 años;2024;170
14 Murcia, Región de;Mujeres;25 años;2024;177
14 Murcia, Región de;Mujeres;26 años;2024;221
14 Murcia, Región de;Mujeres;27 años;2024;259
14 Murcia, Región de;Mujeres;28 años;2024;253
14 Murcia, Región de;Mujeres;29 años;2024;286
14 Murcia, Región de;Mujeres;30 años;2024;303
14 Murcia, Región de;Mujeres;31 años;2024;352
14 Murcia, Región de;Mujeres;32 años;2024;398
14 Murcia, Región de;Mujeres;33 años;2024;415
14 Murcia, Región de;Mujeres;34 años;2024;449
14 Murcia, Región de;Mujeres;35 años;2024;436
14 Murcia, Región de;Mujeres;36 años;2024;399
14 Murcia, Región de;Mujeres;37 años;2024;315
14 Murcia, Región de;Mujeres;38 años;2024;294
14 Murcia, Región de;Mujeres;39 años;2024;232
14 Murcia, Región de;Mujeres;40 años;2024;202
14 Murcia, Región de;Mujeres;41 años;2024;110
14 Murcia, Región de;Mujeres;42 años;2024;87
14 Murcia, Región de;Mujeres;43 años;2024;53
14 Murcia, Región de;Mujeres;44 años;2024;43
14 Murcia, Región de;Mujeres;45 años;2024;26
14 Murcia, Región de;Mujeres;46 años;2024;12
14 Murcia, Región de;Mujeres;47 años;2024;11
14 Murcia, Región de;Mujeres;48 años;2024;3
14 Murcia, Región de;Mujeres;49 años;2024;1
14 Murcia, Región de;Mujeres;50 y más años;2024;2
15 Navarra, Comunidad Foral de;Total;Menos de 15 años;2024;2
15 Navarra, Comunidad Foral de;Total;15 años;2024;3
15 Navarra, Comunidad Foral de;Total;16 años;2024;5
15 Navarra, Comunidad Foral de;Total;17 años;2024;9
15 Navarra, Comunidad Foral de;Total;18 años;2024;16
15 Navarra, Comunidad Foral de;Total;19 años;2024;31
15 Navarra, Comunidad Foral de;Total;20 años;2024;42
15 Navarra, Comunidad Foral de;Total;21 años;2024;50
15 Navarra, Comunidad Foral de;Total;22 años;2024;73
15 Navarra, Comunidad Foral de;Total;23 años;2024;70
15 Navarra, Comunidad Foral de;Total;24 años;2024;86
15 Navarra, Comunidad Foral de;Total;25 años;2024;119
15 Navarra, Comunidad Foral de;Total;26 años;2024;137
15 Navarra, Comunidad Foral de;Total;27 años;2024;155
15 Navarra, Comunidad Foral de;Total;28 años;2024;192
15 Navarra, Comunidad Foral de;Total;29 años;2024;216
15 Navarra, Comunidad Foral de;Total;30 años;2024;229
15 Navarra, Comunidad Foral de;Total;31 años;2024;244
15 Navarra, Comunidad Foral de;Total;32 años;2024;298
15 Navarra, Comunidad Foral de;Total;33 años;2024;344
15 Navarra, Comunidad Foral de;Total;34 años;2024;336
15 Navarra, Comunidad Foral de;Total;35 años;2024;354
15 Navarra, Comunidad Foral de;Total;36 años;2024;345
15 Navarra, Comunidad Foral de;Total;37 años;2024;250
15 Navarra, Comunidad Foral de;Total;38 años;2024;263
15 Navarra, Comunidad Foral de;Total;39 años;2024;194
15 Navarra, Comunidad Foral de;Total;40 años;2024;185
15 Navarra, Comunidad Foral de;Total;41 años;2024;103
15 Navarra, Comunidad Foral de;Total;42 años;2024;93
15 Navarra, Comunidad Foral de;Total;43 años;2024;57
15 Navarra, Comunidad Foral de;Total;44 años;2024;28
15 Navarra, Comunidad Foral de;Total;45 años;2024;15
15 Navarra, Comunidad Foral de;Total;46 años;2024;11
15 Navarra, Comunidad Foral de;Total;47 años;2024;2
15 Navarra, Comunidad Foral de;Total;48 años;2024;3
15 Navarra, Comunidad Foral de;Total;49 años;2024;5
15 Navarra, Comunidad Foral de;Total;50 y más años;2024;3
15 Navarra, Comunidad Foral de;Hombres;Menos de 15 años;2024;0
15 Navarra, Comunidad Foral de;Hombres;15 años;2024;1
15 Navarra, Comunidad Foral de;Hombres;16 años;2024;3
15 Navarra, Comunidad Foral de;Hombres;17 años;2024;6
15 Navarra, Comunidad Foral de;Hombres;18 años;2024;7
15 Navarra, Comunidad Foral de;Hombres;19 años;2024;12
15 Navarra, Comunidad Foral de;Hombres;20 años;2024;17
15 Navarra, Comunidad Foral de;Hombres;21 años;2024;25
15 Navarra, Comunidad Foral de;Hombres;22 años;2024;38
15 Navarra, Comunidad Foral de;Hombres;23 años;2024;42
15 Navarra, Comunidad Foral de;Hombres;24 años;2024;38
15 Navarra, Comunidad Foral de;Hombres;25 años;2024;63
15 Navarra, Comunidad Foral de;Hombres;26 años;2024;71
15 Navarra, Comunidad Foral de;Hombres;27 años;2024;81
15 Navarra, Comunidad Foral de;Hombres;28 años;2024;94
15 Navarra, Comunidad Foral de;Hombres;29 años;2024;98
15 Navarra, Comunidad Foral de;Hombres;30 años;2024;128
15 Navarra, Comunidad Foral de;Hombres;31 años;2024;123
15 Navarra, Comunidad Foral de;Hombres;32 años;2024;153
15 Navarra, Comunidad Foral de;Hombres;33 años;2024;173
15 Navarra, Comunidad Foral de;Hombres;34 años;2024;152
15 Navarra, Comunidad Foral de;Hombres;35 años;2024;181
15 Navarra, Comunidad Foral de;Hombres;36 años;2024;182
15 Navarra, Comunidad Foral de;Hombres;37 años;2024;146
15 Navarra, Comunidad Foral de;Hombres;38 años;2024;123
15 Navarra, Comunidad Foral de;Hombres;39 años;2024;97
15 Navarra, Comunidad Foral de;Hombres;40 años;2024;92
15 Navarra, Comunidad Foral de;Hombres;41 años;2024;60
15 Navarra, Comunidad Foral de;Hombres;42 años;2024;45
15 Navarra, Comunidad Foral de;Hombres;43 años;2024;31
15 Navarra, Comunidad Foral de;Hombres;44 años;2024;18
15 Navarra, Comunidad Foral de;Hombres;45 años;2024;8
15 Navarra, Comunidad Foral de;Hombres;46 años;2024;10
15 Navarra, Comunidad Foral de;Hombres;47 años;2024;""
15 Navarra, Comunidad Foral de;Hombres;48 años;2024;2
15 Navarra, Comunidad Foral de;Hombres;49 años;2024;4
15 Navarra, Comunidad Foral de;Hombres;50 y más años;2024;2
15 Navarra, Comunidad Foral de;Mujeres;Menos de 15 años;2024;2
15 Navarra, Comunidad Foral de;Mujeres;15 años;2024;2
15 Navarra, Comunidad Foral de;Mujeres;16 años;2024;2
15 Navarra, Comunidad Foral de;Mujeres;17 años;2024;3
15 Navarra, Comunidad Foral de;Mujeres;18 años;2024;9
15 Navarra, Comunidad Foral de;Mujeres;19 años;2024;19
15 Navarra, Comunidad Foral de;Mujeres;20 años;2024;25
15 Navarra, Comunidad Foral de;Mujeres;21 años;2024;25
15 Navarra, Comunidad Foral de;Mujeres;22 años;2024;35
15 Navarra, Comunidad Foral de;Mujeres;23 años;2024;28
15 Navarra, Comunidad Foral de;Mujeres;24 años;2024;48
15 Navarra, Comunidad Foral de;Mujeres;25 años;2024;56
15 Navarra, Comunidad Foral de;Mujeres;26 años;2024;66
15 Navarra, Comunidad Foral de;Mujeres;27 años;2024;74
15 Navarra, Comunidad Foral de;Mujeres;28 años;2024;98
15 Navarra, Comunidad Foral de;Mujeres;29 años;2024;118
15 Navarra, Comunidad Foral de;Mujeres;30 años;2024;101
15 Navarra, Comunidad Foral de;Mujeres;31 años;2024;121
15 Navarra, Comunidad Foral de;Mujeres;32 años;2024;145
15 Navarra, Comunidad Foral de;Mujeres;33 años;2024;171
15 Navarra, Comunidad Foral de;Mujeres;34 años;2024;184
15 Navarra, Comunidad Foral de;Mujeres;35 años;2024;173
15 Navarra, Comunidad Foral de;Mujeres;36 años;2024;163
15 Navarra, Comunidad Foral de;Mujeres;37 años;2024;104
15 Navarra, Comunidad Foral de;Mujeres;38 años;2024;140
15 Navarra, Comunidad Foral de;Mujeres;39 años;2024;97
15 Navarra, Comunidad Foral de;Mujeres;40 años;2024;93
15 Navarra, Comunidad Foral de;Mujeres;41 años;2024;43
15 Navarra, Comunidad Foral de;Mujeres;42 años;2024;48
15 Navarra, Comunidad Foral de;Mujeres;43 años;2024;26
15 Navarra, Comunidad Foral de;Mujeres;44 años;2024;10
15 Navarra, Comunidad Foral de;Mujeres;45 años;2024;7
15 Navarra, Comunidad Foral de;Mujeres;46 años;2024;1
15 Navarra, Comunidad Foral de;Mujeres;47 años;2024;2
15 Navarra, Comunidad Foral de;Mujeres;48 años;2024;1
15 Navarra, Comunidad Foral de;Mujeres;49 años;2024;1
15 Navarra, Comunidad Foral de;Mujeres;50 y más años;2024;1
16 País Vasco;Total;Menos de 15 años;2024;1
16 País Vasco;Total;15 años;2024;6
16 País Vasco;Total;16 años;2024;8
16 País Vasco;Total;17 años;2024;19
16 País Vasco;Total;18 años;2024;35
16 País Vasco;Total;19 años;2024;69
16 País Vasco;Total;20 años;2024;103
16 País Vasco;Total;21 años;2024;136
16 País Vasco;Total;22 años;2024;148
16 País Vasco;Total;23 años;2024;179
16 País Vasco;Total;24 años;2024;234
16 País Vasco;Total;25 años;2024;254
16 País Vasco;Total;26 años;2024;297
16 País Vasco;Total;27 años;2024;340
16 País Vasco;Total;28 años;2024;406
16 País Vasco;Total;29 años;2024;490
16 País Vasco;Total;30 años;2024;624
16 País Vasco;Total;31 años;2024;829
16 País Vasco;Total;32 años;2024;918
16 País Vasco;Total;33 años;2024;976
16 País Vasco;Total;34 años;2024;1.103
16 País Vasco;Total;35 años;2024;1.107
16 País Vasco;Total;36 años;2024;975
16 País Vasco;Total;37 años;2024;894
16 País Vasco;Total;38 años;2024;712
16 País Vasco;Total;39 años;2024;633
16 País Vasco;Total;40 años;2024;503
16 País Vasco;Total;41 años;2024;349
16 País Vasco;Total;42 años;2024;224
16 País Vasco;Total;43 años;2024;151
16 País Vasco;Total;44 años;2024;82
16 País Vasco;Total;45 años;2024;61
16 País Vasco;Total;46 años;2024;32
16 País Vasco;Total;47 años;2024;27
16 País Vasco;Total;48 años;2024;6
16 País Vasco;Total;49 años;2024;7
16 País Vasco;Total;50 y más años;2024;12
16 País Vasco;Hombres;Menos de 15 años;2024;0
16 País Vasco;Hombres;15 años;2024;3
16 País Vasco;Hombres;16 años;2024;6
16 País Vasco;Hombres;17 años;2024;10
16 País Vasco;Hombres;18 años;2024;15
16 País Vasco;Hombres;19 años;2024;24
16 País Vasco;Hombres;20 años;2024;46
16 País Vasco;Hombres;21 años;2024;70
16 País Vasco;Hombres;22 años;2024;68
16 País Vasco;Hombres;23 años;2024;80
16 País Vasco;Hombres;24 años;2024;129
16 País Vasco;Hombres;25 años;2024;126
16 País Vasco;Hombres;26 años;2024;147
16 País Vasco;Hombres;27 años;2024;185
16 País Vasco;Hombres;28 años;2024;207
16 País Vasco;Hombres;29 años;2024;254
16 País Vasco;Hombres;30 años;2024;303
16 País Vasco;Hombres;31 años;2024;442
16 País Vasco;Hombres;32 años;2024;458
16 País Vasco;Hombres;33 años;2024;501
16 País Vasco;Hombres;34 años;2024;558
16 País Vasco;Hombres;35 años;2024;536
16 País Vasco;Hombres;36 años;2024;501
16 País Vasco;Hombres;37 años;2024;473
16 País Vasco;Hombres;38 años;2024;365
16 País Vasco;Hombres;39 años;2024;316
16 País Vasco;Hombres;40 años;2024;266
16 País Vasco;Hombres;41 años;2024;175
16 País Vasco;Hombres;42 años;2024;119
16 País Vasco;Hombres;43 años;2024;87
16 País Vasco;Hombres;44 años;2024;46
16 País Vasco;Hombres;45 años;2024;31
16 País Vasco;Hombres;46 años;2024;15
16 País Vasco;Hombres;47 años;2024;17
16 País Vasco;Hombres;48 años;2024;3
16 País Vasco;Hombres;49 años;2024;4
16 País Vasco;Hombres;50 y más años;2024;7
16 País Vasco;Mujeres;Menos de 15 años;2024;1
16 País Vasco;Mujeres;15 años;2024;3
16 País Vasco;Mujeres;16 años;2024;2
16 País Vasco;Mujeres;17 años;2024;9
16 País Vasco;Mujeres;18 años;2024;20
16 País Vasco;Mujeres;19 años;2024;45
16 País Vasco;Mujeres;20 años;2024;57
16 País Vasco;Mujeres;21 años;2024;66
16 País Vasco;Mujeres;22 años;2024;80
16 País Vasco;Mujeres;23 años;2024;99
16 País Vasco;Mujeres;24 años;2024;105
16 País Vasco;Mujeres;25 años;2024;128
16 País Vasco;Mujeres;26 años;2024;150
16 País Vasco;Mujeres;27 años;2024;155
16 País Vasco;Mujeres;28 años;2024;199
16 País Vasco;Mujeres;29 años;2024;236
16 País Vasco;Mujeres;30 años;2024;321
16 País Vasco;Mujeres;31 años;2024;387
16 País Vasco;Mujeres;32 años;2024;460
16 País Vasco;Mujeres;33 años;2024;475
16 País Vasco;Mujeres;34 años;2024;545
16 País Vasco;Mujeres;35 años;2024;571
16 País Vasco;Mujeres;36 años;2024;474
16 País Vasco;Mujeres;37 años;2024;421
16 País Vasco;Mujeres;38 años;2024;347
16 País Vasco;Mujeres;39 años;2024;317
16 País Vasco;Mujeres;40 años;2024;237
16 País Vasco;Mujeres;41 años;2024;174
16 País Vasco;Mujeres;42 años;2024;105
16 País Vasco;Mujeres;43 años;2024;64
16 País Vasco;Mujeres;44 años;2024;36
16 País Vasco;Mujeres;45 años;2024;30
16 País Vasco;Mujeres;46 años;2024;17
16 País Vasco;Mujeres;47 años;2024;10
16 País Vasco;Mujeres;48 años;2024;3
16 País Vasco;Mujeres;49 años;2024;3
16 País Vasco;Mujeres;50 y más años;2024;5
17 Rioja, La;Total;Menos de 15 años;2024;0
17 Rioja, La;Total;15 años;2024;4
17 Rioja, La;Total;16 años;2024;1
17 Rioja, La;Total;17 años;2024;5
17 Rioja, La;Total;18 años;2024;6
17 Rioja, La;Total;19 años;2024;13
17 Rioja, La;Total;20 años;2024;17
17 Rioja, La;Total;21 años;2024;36
17 Rioja, La;Total;22 años;2024;28
17 Rioja, La;Total;23 años;2024;50
17 Rioja, La;Total;24 años;2024;52
17 Rioja, La;Total;25 años;2024;53
17 Rioja, La;Total;26 años;2024;59
17 Rioja, La;Total;27 años;2024;62
17 Rioja, La;Total;28 años;2024;72
17 Rioja, La;Total;29 años;2024;95
17 Rioja, La;Total;30 años;2024;97
17 Rioja, La;Total;31 años;2024;125
17 Rioja, La;Total;32 años;2024;141
17 Rioja, La;Total;33 años;2024;153
17 Rioja, La;Total;34 años;2024;156
17 Rioja, La;Total;35 años;2024;145
17 Rioja, La;Total;36 años;2024;148
17 Rioja, La;Total;37 años;2024;123
17 Rioja, La;Total;38 años;2024;113
17 Rioja, La;Total;39 años;2024;102
17 Rioja, La;Total;40 años;2024;67
17 Rioja, La;Total;41 años;2024;46
17 Rioja, La;Total;42 años;2024;30
17 Rioja, La;Total;43 años;2024;15
17 Rioja, La;Total;44 años;2024;14
17 Rioja, La;Total;45 años;2024;9
17 Rioja, La;Total;46 años;2024;4
17 Rioja, La;Total;47 años;2024;4
17 Rioja, La;Total;48 años;2024;4
17 Rioja, La;Total;49 años;2024;""
17 Rioja, La;Total;50 y más años;2024;0
17 Rioja, La;Hombres;Menos de 15 años;2024;0
17 Rioja, La;Hombres;15 años;2024;""
17 Rioja, La;Hombres;16 años;2024;1
17 Rioja, La;Hombres;17 años;2024;2
17 Rioja, La;Hombres;18 años;2024;4
17 Rioja, La;Hombres;19 años;2024;6
17 Rioja, La;Hombres;20 años;2024;10
17 Rioja, La;Hombres;21 años;2024;20
17 Rioja, La;Hombres;22 años;2024;15
17 Rioja, La;Hombres;23 años;2024;22
17 Rioja, La;Hombres;24 años;2024;30
17 Rioja, La;Hombres;25 años;2024;27
17 Rioja, La;Hombres;26 años;2024;30
17 Rioja, La;Hombres;27 años;2024;27
17 Rioja, La;Hombres;28 años;2024;40
17 Rioja, La;Hombres;29 años;2024;34
17 Rioja, La;Hombres;30 años;2024;47
17 Rioja, La;Hombres;31 años;2024;56
17 Rioja, La;Hombres;32 años;2024;69
17 Rioja, La;Hombres;33 años;2024;82
17 Rioja, La;Hombres;34 años;2024;85
17 Rioja, La;Hombres;35 años;2024;71
17 Rioja, La;Hombres;36 años;2024;84
17 Rioja, La;Hombres;37 años;2024;58
17 Rioja, La;Hombres;38 años;2024;57
17 Rioja, La;Hombres;39 años;2024;58
17 Rioja, La;Hombres;40 años;2024;32
17 Rioja, La;Hombres;41 años;2024;28
17 Rioja, La;Hombres;42 años;2024;16
17 Rioja, La;Hombres;43 años;2024;6
17 Rioja, La;Hombres;44 años;2024;12
17 Rioja, La;Hombres;45 años;2024;4
17 Rioja, La;Hombres;46 años;2024;""
17 Rioja, La;Hombres;47 años;2024;2
17 Rioja, La;Hombres;48 años;2024;2
17 Rioja, La;Hombres;49 años;2024;""
17 Rioja, La;Hombres;50 y más años;2024;0
17 Rioja, La;Mujeres;Menos de 15 años;2024;0
17 Rioja, La;Mujeres;15 años;2024;4
17 Rioja, La;Mujeres;16 años;2024;""
17 Rioja, La;Mujeres;17 años;2024;3
17 Rioja, La;Mujeres;18 años;2024;2
17 Rioja, La;Mujeres;19 años;2024;7
17 Rioja, La;Mujeres;20 años;2024;7
17 Rioja, La;Mujeres;21 años;2024;16
17 Rioja, La;Mujeres;22 años;2024;13
17 Rioja, La;Mujeres;23 años;2024;28
17 Rioja, La;Mujeres;24 años;2024;22
17 Rioja, La;Mujeres;25 años;2024;26
17 Rioja, La;Mujeres;26 años;2024;29
17 Rioja, La;Mujeres;27 años;2024;35
17 Rioja, La;Mujeres;28 años;2024;32
17 Rioja, La;Mujeres;29 años;2024;61
17 Rioja, La;Mujeres;30 años;2024;50
17 Rioja, La;Mujeres;31 años;2024;69
17 Rioja, La;Mujeres;32 años;2024;72
17 Rioja, La;Mujeres;33 años;2024;71
17 Rioja, La;Mujeres;34 años;2024;71
17 Rioja, La;Mujeres;35 años;2024;74
17 Rioja, La;Mujeres;36 años;2024;64
17 Rioja, La;Mujeres;37 años;2024;65
17 Rioja, La;Mujeres;38 años;2024;56
17 Rioja, La;Mujeres;39 años;2024;44
17 Rioja, La;Mujeres;40 años;2024;35
17 Rioja, La;Mujeres;41 años;2024;18
17 Rioja, La;Mujeres;42 años;2024;14
17 Rioja, La;Mujeres;43 años;2024;9
17 Rioja, La;Mujeres;44 años;2024;2
17 Rioja, La;Mujeres;45 años;2024;5
17 Rioja, La;Mujeres;46 años;2024;4
17 Rioja, La;Mujeres;47 años;2024;2
17 Rioja, La;Mujeres;48 años;2024;2
17 Rioja, La;Mujeres;49 años;2024;""
17 Rioja, La;Mujeres;50 y más años;2024;0
18 Ceuta;Total;Menos de 15 años;2024;0
18 Ceuta;Total;15 años;2024;""
18 Ceuta;Total;16 años;2024;""
18 Ceuta;Total;17 años;2024;1
18 Ceuta;Total;18 años;2024;2
18 Ceuta;Total;19 años;2024;4
18 Ceuta;Total;20 años;2024;2
18 Ceuta;Total;21 años;2024;5
18 Ceuta;Total;22 años;2024;18
18 Ceuta;Total;23 años;2024;23
18 Ceuta;Total;24 años;2024;19
18 Ceuta;Total;25 años;2024;26
18 Ceuta;Total;26 años;2024;34
18 Ceuta;Total;27 años;2024;40
18 Ceuta;Total;28 años;2024;42
18 Ceuta;Total;29 años;2024;44
18 Ceuta;Total;30 años;2024;51
18 Ceuta;Total;31 años;2024;47
18 Ceuta;Total;32 años;2024;30
18 Ceuta;Total;33 años;2024;44
18 Ceuta;Total;34 años;2024;40
18 Ceuta;Total;35 años;2024;36
18 Ceuta;Total;36 años;2024;41
18 Ceuta;Total;37 años;2024;33
18 Ceuta;Total;38 años;2024;33
18 Ceuta;Total;39 años;2024;21
18 Ceuta;Total;40 años;2024;19
18 Ceuta;Total;41 años;2024;11
18 Ceuta;Total;42 años;2024;7
18 Ceuta;Total;43 años;2024;2
18 Ceuta;Total;44 años;2024;2
18 Ceuta;Total;45 años;2024;5
18 Ceuta;Total;46 años;2024;2
18 Ceuta;Total;47 años;2024;1
18 Ceuta;Total;48 años;2024;""
18 Ceuta;Total;49 años;2024;""
18 Ceuta;Total;50 y más años;2024;0
18 Ceuta;Hombres;Menos de 15 años;2024;0
18 Ceuta;Hombres;15 años;2024;""
18 Ceuta;Hombres;16 años;2024;""
18 Ceuta;Hombres;17 años;2024;1
18 Ceuta;Hombres;18 años;2024;1
18 Ceuta;Hombres;19 años;2024;2
18 Ceuta;Hombres;20 años;2024;1
18 Ceuta;Hombres;21 años;2024;4
18 Ceuta;Hombres;22 años;2024;12
18 Ceuta;Hombres;23 años;2024;14
18 Ceuta;Hombres;24 años;2024;8
18 Ceuta;Hombres;25 años;2024;10
18 Ceuta;Hombres;26 años;2024;10
18 Ceuta;Hombres;27 años;2024;19
18 Ceuta;Hombres;28 años;2024;25
18 Ceuta;Hombres;29 años;2024;19
18 Ceuta;Hombres;30 años;2024;28
18 Ceuta;Hombres;31 años;2024;26
18 Ceuta;Hombres;32 años;2024;17
18 Ceuta;Hombres;33 años;2024;22
18 Ceuta;Hombres;34 años;2024;22
18 Ceuta;Hombres;35 años;2024;16
18 Ceuta;Hombres;36 años;2024;21
18 Ceuta;Hombres;37 años;2024;14
18 Ceuta;Hombres;38 años;2024;16
18 Ceuta;Hombres;39 años;2024;11
18 Ceuta;Hombres;40 años;2024;11
18 Ceuta;Hombres;41 años;2024;1
18 Ceuta;Hombres;42 años;2024;4
18 Ceuta;Hombres;43 años;2024;1
18 Ceuta;Hombres;44 años;2024;""
18 Ceuta;Hombres;45 años;2024;4
18 Ceuta;Hombres;46 años;2024;1
18 Ceuta;Hombres;47 años;2024;1
18 Ceuta;Hombres;48 años;2024;""
18 Ceuta;Hombres;49 años;2024;""
18 Ceuta;Hombres;50 y más años;2024;0
18 Ceuta;Mujeres;Menos de 15 años;2024;0
18 Ceuta;Mujeres;15 años;2024;""
18 Ceuta;Mujeres;16 años;2024;""
18 Ceuta;Mujeres;17 años;2024;""
18 Ceuta;Mujeres;18 años;2024;1
18 Ceuta;Mujeres;19 años;2024;2
18 Ceuta;Mujeres;20 años;2024;1
18 Ceuta;Mujeres;21 años;2024;1
18 Ceuta;Mujeres;22 años;2024;6
18 Ceuta;Mujeres;23 años;2024;9
18 Ceuta;Mujeres;24 años;2024;11
18 Ceuta;Mujeres;25 años;2024;16
18 Ceuta;Mujeres;26 años;2024;24
18 Ceuta;Mujeres;27 años;2024;21
18 Ceuta;Mujeres;28 años;2024;17
18 Ceuta;Mujeres;29 años;2024;25
18 Ceuta;Mujeres;30 años;2024;23
18 Ceuta;Mujeres;31 años;2024;21
18 Ceuta;Mujeres;32 años;2024;13
18 Ceuta;Mujeres;33 años;2024;22
18 Ceuta;Mujeres;34 años;2024;18
18 Ceuta;Mujeres;35 años;2024;20
18 Ceuta;Mujeres;36 años;2024;20
18 Ceuta;Mujeres;37 años;2024;19
18 Ceuta;Mujeres;38 años;2024;17
18 Ceuta;Mujeres;39 años;2024;10
18 Ceuta;Mujeres;40 años;2024;8
18 Ceuta;Mujeres;41 años;2024;10
18 Ceuta;Mujeres;42 años;2024;3
18 Ceuta;Mujeres;43 años;2024;1
18 Ceuta;Mujeres;44 años;2024;2
18 Ceuta;Mujeres;45 años;2024;1
18 Ceuta;Mujeres;46 años;2024;1
18 Ceuta;Mujeres;47 años;2024;""
18 Ceuta;Mujeres;48 años;2024;""
18 Ceuta;Mujeres;49 años;2024;""
18 Ceuta;Mujeres;50 y más años;2024;0
19 Melilla;Total;Menos de 15 años;2024;0
19 Melilla;Total;15 años;2024;1
19 Melilla;Total;16 años;2024;""
19 Melilla;Total;17 años;2024;1
19 Melilla;Total;18 años;2024;3
19 Melilla;Total;19 años;2024;1
19 Melilla;Total;20 años;2024;6
19 Melilla;Total;21 años;2024;20
19 Melilla;Total;22 años;2024;17
19 Melilla;Total;23 años;2024;20
19 Melilla;Total;24 años;2024;14
19 Melilla;Total;25 años;2024;34
19 Melilla;Total;26 años;2024;37
19 Melilla;Total;27 años;2024;38
19 Melilla;Total;28 años;2024;49
19 Melilla;Total;29 años;2024;58
19 Melilla;Total;30 años;2024;71
19 Melilla;Total;31 años;2024;45
19 Melilla;Total;32 años;2024;62
19 Melilla;Total;33 años;2024;61
19 Melilla;Total;34 años;2024;45
19 Melilla;Total;35 años;2024;35
19 Melilla;Total;36 años;2024;36
19 Melilla;Total;37 años;2024;39
19 Melilla;Total;38 años;2024;31
19 Melilla;Total;39 años;2024;23
19 Melilla;Total;40 años;2024;13
19 Melilla;Total;41 años;2024;14
19 Melilla;Total;42 años;2024;10
19 Melilla;Total;43 años;2024;5
19 Melilla;Total;44 años;2024;2
19 Melilla;Total;45 años;2024;2
19 Melilla;Total;46 años;2024;""
19 Melilla;Total;47 años;2024;2
19 Melilla;Total;48 años;2024;""
19 Melilla;Total;49 años;2024;""
19 Melilla;Total;50 y más años;2024;0
19 Melilla;Hombres;Menos de 15 años;2024;0
19 Melilla;Hombres;15 años;2024;""
19 Melilla;Hombres;16 años;2024;""
19 Melilla;Hombres;17 años;2024;""
19 Melilla;Hombres;18 años;2024;""
19 Melilla;Hombres;19 años;2024;1
19 Melilla;Hombres;20 años;2024;1
19 Melilla;Hombres;21 años;2024;10
19 Melilla;Hombres;22 años;2024;10
19 Melilla;Hombres;23 años;2024;12
19 Melilla;Hombres;24 años;2024;3
19 Melilla;Hombres;25 años;2024;21
19 Melilla;Hombres;26 años;2024;22
19 Melilla;Hombres;27 años;2024;20
19 Melilla;Hombres;28 años;2024;29
19 Melilla;Hombres;29 años;2024;26
19 Melilla;Hombres;30 años;2024;39
19 Melilla;Hombres;31 años;2024;24
19 Melilla;Hombres;32 años;2024;33
19 Melilla;Hombres;33 años;2024;37
19 Melilla;Hombres;34 años;2024;27
19 Melilla;Hombres;35 años;2024;18
19 Melilla;Hombres;36 años;2024;17
19 Melilla;Hombres;37 años;2024;19
19 Melilla;Hombres;38 años;2024;15
19 Melilla;Hombres;39 años;2024;11
19 Melilla;Hombres;40 años;2024;9
19 Melilla;Hombres;41 años;2024;9
19 Melilla;Hombres;42 años;2024;5
19 Melilla;Hombres;43 años;2024;3
19 Melilla;Hombres;44 años;2024;""
19 Melilla;Hombres;45 años;2024;1
19 Melilla;Hombres;46 años;2024;""
19 Melilla;Hombres;47 años;2024;1
19 Melilla;Hombres;48 años;2024;""
19 Melilla;Hombres;49 años;2024;""
19 Melilla;Hombres;50 y más años;2024;0
19 Melilla;Mujeres;Menos de 15 años;2024;0
19 Melilla;Mujeres;15 años;2024;1
19 Melilla;Mujeres;16 años;2024;""
19 Melilla;Mujeres;17 años;2024;1
19 Melilla;Mujeres;18 años;2024;3
19 Melilla;Mujeres;19 años;2024;""
19 Melilla;Mujeres;20 años;2024;5
19 Melilla;Mujeres;21 años;2024;10
19 Melilla;Mujeres;22 años;2024;7
19 Melilla;Mujeres;23 años;2024;8
19 Melilla;Mujeres;24 años;2024;11
19 Melilla;Mujeres;25 años;2024;13
19 Melilla;Mujeres;26 años;2024;15
19 Melilla;Mujeres;27 años;2024;18
19 Melilla;Mujeres;28 años;2024;20
19 Melilla;Mujeres;29 años;2024;32
19 Melilla;Mujeres;30 años;2024;32
19 Melilla;Mujeres;31 años;2024;21
19 Melilla;Mujeres;32 años;2024;29
19 Melilla;Mujeres;33 años;2024;24
19 Melilla;Mujeres;34 años;2024;18
19 Melilla;Mujeres;35 años;2024;17
19 Melilla;Mujeres;36 años;2024;19
19 Melilla;Mujeres;37 años;2024;20
19 Melilla;Mujeres;38 años;2024;16
19 Melilla;Mujeres;39 años;2024;12
19 Melilla;Mujeres;40 años;2024;4
19 Melilla;Mujeres;41 años;2024;5
19 Melilla;Mujeres;42 años;2024;5
19 Melilla;Mujeres;43 años;2024;2
19 Melilla;Mujeres;44 años;2024;2
19 Melilla;Mujeres;45 años;2024;1
19 Melilla;Mujeres;46 años;2024;""
19 Melilla;Mujeres;47 años;2024;1
19 Melilla;Mujeres;48 años;2024;""
19 Melilla;Mujeres;49 años;2024;""
19 Melilla;Mujeres;50 y más años;2024;0
