Provincias;Sexo;Edad de la madre;Periodo;Total
Total;Total;Menos de 15 años;2024;85
Total;Total;Menos de 15 años;2023;72
Total;Total;Menos de 15 años;2022;73
Total;Total;Menos de 15 años;2021;62
Total;Total;Menos de 15 años;2020;65
Total;Total;Menos de 15 años;2019;81
Total;Total;Menos de 15 años;2018;78
Total;Total;Menos de 15 años;2017;114
Total;Total;Menos de 15 años;2016;111
Total;Total;Menos de 15 años;2015;98
Total;Total;15 años;2024;200
Total;Total;15 años;2023;195
Total;Total;15 años;2022;196
Total;Total;15 años;2021;193
Total;Total;15 años;2020;225
Total;Total;15 años;2019;246
Total;Total;15 años;2018;285
Total;Total;15 años;2017;289
Total;Total;15 años;2016;343
Total;Total;15 años;2015;392
Total;Total;16 años;2024;450
Total;Total;16 años;2023;437
Total;Total;16 años;2022;492
Total;Total;16 años;2021;488
Total;Total;16 años;2020;549
Total;Total;16 años;2019;584
Total;Total;16 años;2018;616
Total;Total;16 años;2017;761
Total;Total;16 años;2016;818
Total;Total;16 años;2015;809
Total;Total;17 años;2024;775
Total;Total;17 años;2023;812
Total;Total;17 años;2022;922
Total;Total;17 años;2021;894
Total;Total;17 años;2020;1.000
Total;Total;17 años;2019;1.111
Total;Total;17 años;2018;1.168
Total;Total;17 años;2017;1.423
Total;Total;17 años;2016;1.408
Total;Total;17 años;2015;1.502
Total;Total;18 años;2024;1.548
Total;Total;18 años;2023;1.513
Total;Total;18 años;2022;1.517
Total;Total;18 años;2021;1.502
Total;Total;18 años;2020;1.701
Total;Total;18 años;2019;1.889
Total;Total;18 años;2018;2.054
Total;Total;18 años;2017;2.132
Total;Total;18 años;2016;2.208
Total;Total;18 años;2015;2.243
Total;Total;19 años;2024;2.465
Total;Total;19 años;2023;2.486
Total;Total;19 años;2022;2.514
Total;Total;19 años;2021;2.393
Total;Total;19 años;2020;2.772
Total;Total;19 años;2019;3.059
Total;Total;19 años;2018;2.867
Total;Total;19 años;2017;3.120
Total;Total;19 años;2016;3.152
Total;Total;19 años;2015;3.261
Total;Total;20 años;2024;3.300
Total;Total;20 años;2023;3.267
Total;Total;20 años;2022;3.227
Total;Total;20 años;2021;3.200
Total;Total;20 años;2020;3.768
Total;Total;20 años;2019;3.792
Total;Total;20 años;2018;3.782
Total;Total;20 años;2017;3.837
Total;Total;20 años;2016;4.014
Total;Total;20 años;2015;4.077
Total;Total;21 años;2024;4.224
Total;Total;21 años;2023;3.995
Total;Total;21 años;2022;4.137
Total;Total;21 años;2021;4.057
Total;Total;21 años;2020;4.446
Total;Total;21 años;2019;4.632
Total;Total;21 años;2018;4.587
Total;Total;21 años;2017;4.657
Total;Total;21 años;2016;4.707
Total;Total;21 años;2015;4.803
Total;Total;22 años;2024;4.952
Total;Total;22 años;2023;4.942
Total;Total;22 años;2022;4.957
Total;Total;22 años;2021;4.715
Total;Total;22 años;2020;5.260
Total;Total;22 años;2019;5.368
Total;Total;22 años;2018;5.318
Total;Total;22 años;2017;5.489
Total;Total;22 años;2016;5.409
Total;Total;22 años;2015;5.796
Total;Total;23 años;2024;5.972
Total;Total;23 años;2023;6.036
Total;Total;23 años;2022;5.686
Total;Total;23 años;2021;5.488
Total;Total;23 años;2020;5.821
Total;Total;23 años;2019;6.262
Total;Total;23 años;2018;6.232
Total;Total;23 años;2017;6.416
Total;Total;23 años;2016;6.770
Total;Total;23 años;2015;6.809
Total;Total;24 años;2024;7.198
Total;Total;24 años;2023;6.825
Total;Total;24 años;2022;6.427
Total;Total;24 años;2021;6.321
Total;Total;24 años;2020;6.975
Total;Total;24 años;2019;7.408
Total;Total;24 años;2018;7.298
Total;Total;24 años;2017;7.800
Total;Total;24 años;2016;7.975
Total;Total;24 años;2015;8.351
Total;Total;25 años;2024;8.036
Total;Total;25 años;2023;7.899
Total;Total;25 años;2022;7.694
Total;Total;25 años;2021;7.766
Total;Total;25 años;2020;8.191
Total;Total;25 años;2019;8.721
Total;Total;25 años;2018;8.887
Total;Total;25 años;2017;9.244
Total;Total;25 años;2016;9.721
Total;Total;25 años;2015;10.080
Total;Total;26 años;2024;9.184
Total;Total;26 años;2023;9.271
Total;Total;26 años;2022;9.200
Total;Total;26 años;2021;8.914
Total;Total;26 años;2020;9.720
Total;Total;26 años;2019;10.396
Total;Total;26 años;2018;10.515
Total;Total;26 años;2017;11.202
Total;Total;26 años;2016;11.945
Total;Total;26 años;2015;12.047
Total;Total;27 años;2024;10.973
Total;Total;27 años;2023;10.864
Total;Total;27 años;2022;10.815
Total;Total;27 años;2021;10.873
Total;Total;27 años;2020;11.867
Total;Total;27 años;2019;12.152
Total;Total;27 años;2018;12.725
Total;Total;27 años;2017;13.387
Total;Total;27 años;2016;14.018
Total;Total;27 años;2015;14.685
Total;Total;28 años;2024;12.632
Total;Total;28 años;2023;12.674
Total;Total;28 años;2022;12.834
Total;Total;28 años;2021;13.259
Total;Total;28 años;2020;13.854
Total;Total;28 años;2019;14.549
Total;Total;28 años;2018;15.312
Total;Total;28 años;2017;16.043
Total;Total;28 años;2016;16.885
Total;Total;28 años;2015;17.580
Total;Total;29 años;2024;14.840
Total;Total;29 años;2023;14.904
Total;Total;29 años;2022;15.530
Total;Total;29 años;2021;16.104
Total;Total;29 años;2020;16.394
Total;Total;29 años;2019;17.112
Total;Total;29 años;2018;17.680
Total;Total;29 años;2017;19.048
Total;Total;29 años;2016;20.232
Total;Total;29 años;2015;20.766
Total;Total;30 años;2024;17.073
Total;Total;30 años;2023;17.915
Total;Total;30 años;2022;18.223
Total;Total;30 años;2021;18.824
Total;Total;30 años;2020;18.796
Total;Total;30 años;2019;20.018
Total;Total;30 años;2018;20.690
Total;Total;30 años;2017;22.373
Total;Total;30 años;2016;23.629
Total;Total;30 años;2015;24.754
Total;Total;31 años;2024;19.905
Total;Total;31 años;2023;19.816
Total;Total;31 años;2022;20.282
Total;Total;31 años;2021;21.147
Total;Total;31 años;2020;21.285
Total;Total;31 años;2019;22.489
Total;Total;31 años;2018;23.504
Total;Total;31 años;2017;24.991
Total;Total;31 años;2016;26.817
Total;Total;31 años;2015;27.782
Total;Total;32 años;2024;21.807
Total;Total;32 años;2023;21.923
Total;Total;32 años;2022;22.290
Total;Total;32 años;2021;23.030
Total;Total;32 años;2020;22.895
Total;Total;32 años;2019;24.137
Total;Total;32 años;2018;25.033
Total;Total;32 años;2017;27.310
Total;Total;32 años;2016;28.932
Total;Total;32 años;2015;30.531
Total;Total;33 años;2024;22.696
Total;Total;33 años;2023;22.974
Total;Total;33 años;2022;23.305
Total;Total;33 años;2021;24.366
Total;Total;33 años;2020;24.266
Total;Total;33 años;2019;25.364
Total;Total;33 años;2018;27.154
Total;Total;33 años;2017;28.890
Total;Total;33 años;2016;30.797
Total;Total;33 años;2015;32.492
Total;Total;34 años;2024;23.424
Total;Total;34 años;2023;23.094
Total;Total;34 años;2022;23.887
Total;Total;34 años;2021;25.507
Total;Total;34 años;2020;24.453
Total;Total;34 años;2019;26.439
Total;Total;34 años;2018;27.526
Total;Total;34 años;2017;29.412
Total;Total;34 años;2016;31.835
Total;Total;34 años;2015;33.194
Total;Total;35 años;2024;22.966
Total;Total;35 años;2023;23.193
Total;Total;35 años;2022;23.919
Total;Total;35 años;2021;24.467
Total;Total;35 años;2020;24.286
Total;Total;35 años;2019;26.188
Total;Total;35 años;2018;27.408
Total;Total;35 años;2017;29.624
Total;Total;35 años;2016;31.376
Total;Total;35 años;2015;32.115
Total;Total;36 años;2024;21.441
Total;Total;36 años;2023;21.334
Total;Total;36 años;2022;22.299
Total;Total;36 años;2021;23.604
Total;Total;36 años;2020;23.107
Total;Total;36 años;2019;24.663
Total;Total;36 años;2018;26.205
Total;Total;36 años;2017;27.745
Total;Total;36 años;2016;28.997
Total;Total;36 años;2015;29.648
Total;Total;37 años;2024;19.008
Total;Total;37 años;2023;19.136
Total;Total;37 años;2022;20.140
Total;Total;37 años;2021;20.774
Total;Total;37 años;2020;20.977
Total;Total;37 años;2019;22.524
Total;Total;37 años;2018;23.349
Total;Total;37 años;2017;24.443
Total;Total;37 años;2016;25.342
Total;Total;37 años;2015;25.659
Total;Total;38 años;2024;16.073
Total;Total;38 años;2023;16.378
Total;Total;38 años;2022;17.640
Total;Total;38 años;2021;18.061
Total;Total;38 años;2020;18.329
Total;Total;38 años;2019;19.537
Total;Total;38 años;2018;20.064
Total;Total;38 años;2017;20.897
Total;Total;38 años;2016;21.408
Total;Total;38 años;2015;21.318
Total;Total;39 años;2024;13.567
Total;Total;39 años;2023;14.097
Total;Total;39 años;2022;14.862
Total;Total;39 años;2021;15.223
Total;Total;39 años;2020;15.455
Total;Total;39 años;2019;15.980
Total;Total;39 años;2018;16.087
Total;Total;39 años;2017;16.826
Total;Total;39 años;2016;17.282
Total;Total;39 años;2015;16.769
Total;Total;40 años;2024;10.783
Total;Total;40 años;2023;11.352
Total;Total;40 años;2022;12.065
Total;Total;40 años;2021;12.225
Total;Total;40 años;2020;12.137
Total;Total;40 años;2019;12.287
Total;Total;40 años;2018;12.999
Total;Total;40 años;2017;12.993
Total;Total;40 años;2016;12.835
Total;Total;40 años;2015;12.129
Total;Total;41 años;2024;7.820
Total;Total;41 años;2023;8.204
Total;Total;41 años;2022;8.664
Total;Total;41 años;2021;8.784
Total;Total;41 años;2020;8.441
Total;Total;41 años;2019;8.878
Total;Total;41 años;2018;8.847
Total;Total;41 años;2017;8.763
Total;Total;41 años;2016;8.548
Total;Total;41 años;2015;8.270
Total;Total;42 años;2024;5.430
Total;Total;42 años;2023;5.803
Total;Total;42 años;2022;5.811
Total;Total;42 años;2021;5.793
Total;Total;42 años;2020;5.710
Total;Total;42 años;2019;5.892
Total;Total;42 años;2018;5.809
Total;Total;42 años;2017;5.642
Total;Total;42 años;2016;5.359
Total;Total;42 años;2015;5.191
Total;Total;43 años;2024;3.528
Total;Total;43 años;2023;3.529
Total;Total;43 años;2022;3.638
Total;Total;43 años;2021;3.705
Total;Total;43 años;2020;3.537
Total;Total;43 años;2019;3.540
Total;Total;43 años;2018;3.627
Total;Total;43 años;2017;3.496
Total;Total;43 años;2016;3.194
Total;Total;43 años;2015;3.076
Total;Total;44 años;2024;2.160
Total;Total;44 años;2023;2.237
Total;Total;44 años;2022;2.276
Total;Total;44 años;2021;2.325
Total;Total;44 años;2020;2.075
Total;Total;44 años;2019;2.285
Total;Total;44 años;2018;2.080
Total;Total;44 años;2017;1.995
Total;Total;44 años;2016;2.025
Total;Total;44 años;2015;1.919
Total;Total;45 años;2024;1.400
Total;Total;45 años;2023;1.410
Total;Total;45 años;2022;1.473
Total;Total;45 años;2021;1.376
Total;Total;45 años;2020;1.268
Total;Total;45 años;2019;1.329
Total;Total;45 años;2018;1.260
Total;Total;45 años;2017;1.206
Total;Total;45 años;2016;1.214
Total;Total;45 años;2015;1.012
Total;Total;46 años;2024;818
Total;Total;46 años;2023;867
Total;Total;46 años;2022;923
Total;Total;46 años;2021;843
Total;Total;46 años;2020;716
Total;Total;46 años;2019;709
Total;Total;46 años;2018;768
Total;Total;46 años;2017;687
Total;Total;46 años;2016;561
Total;Total;46 años;2015;490
Total;Total;47 años;2024;485
Total;Total;47 años;2023;488
Total;Total;47 años;2022;541
Total;Total;47 años;2021;416
Total;Total;47 años;2020;404
Total;Total;47 años;2019;412
Total;Total;47 años;2018;431
Total;Total;47 años;2017;430
Total;Total;47 años;2016;275
Total;Total;47 años;2015;278
Total;Total;48 años;2024;296
Total;Total;48 años;2023;291
Total;Total;48 años;2022;324
Total;Total;48 años;2021;277
Total;Total;48 años;2020;249
Total;Total;48 años;2019;253
Total;Total;48 años;2018;218
Total;Total;48 años;2017;193
Total;Total;48 años;2016;195
Total;Total;48 años;2015;140
Total;Total;49 años;2024;203
Total;Total;49 años;2023;187
Total;Total;49 años;2022;210
Total;Total;49 años;2021;182
Total;Total;49 años;2020;143
Total;Total;49 años;2019;146
Total;Total;49 años;2018;130
Total;Total;49 años;2017;139
Total;Total;49 años;2016;113
Total;Total;49 años;2015;104
Total;Total;50 y más años;2024;288
Total;Total;50 y más años;2023;236
Total;Total;50 y más años;2022;258
Total;Total;50 y más años;2021;222
Total;Total;50 y más años;2020;178
Total;Total;50 y más años;2019;185
Total;Total;50 y más años;2018;184
Total;Total;50 y más años;2017;164
Total;Total;50 y más años;2016;133
Total;Total;50 y más años;2015;120
Total;Hombres;Menos de 15 años;2024;45
Total;Hombres;Menos de 15 años;2023;44
Total;Hombres;Menos de 15 años;2022;37
Total;Hombres;Menos de 15 años;2021;34
Total;Hombres;Menos de 15 años;2020;37
Total;Hombres;Menos de 15 años;2019;39
Total;Hombres;Menos de 15 años;2018;45
Total;Hombres;Menos de 15 años;2017;61
Total;Hombres;Menos de 15 años;2016;60
Total;Hombres;Menos de 15 años;2015;52
Total;Hombres;15 años;2024;101
Total;Hombres;15 años;2023;107
Total;Hombres;15 años;2022;112
Total;Hombres;15 años;2021;98
Total;Hombres;15 años;2020;118
Total;Hombres;15 años;2019;107
Total;Hombres;15 años;2018;148
Total;Hombres;15 años;2017;147
Total;Hombres;15 años;2016;182
Total;Hombres;15 años;2015;220
Total;Hombres;16 años;2024;230
Total;Hombres;16 años;2023;222
Total;Hombres;16 años;2022;284
Total;Hombres;16 años;2021;237
Total;Hombres;16 años;2020;301
Total;Hombres;16 años;2019;291
Total;Hombres;16 años;2018;322
Total;Hombres;16 años;2017;392
Total;Hombres;16 años;2016;426
Total;Hombres;16 años;2015;433
Total;Hombres;17 años;2024;425
Total;Hombres;17 años;2023;408
Total;Hombres;17 años;2022;462
Total;Hombres;17 años;2021;480
Total;Hombres;17 años;2020;530
Total;Hombres;17 años;2019;572
Total;Hombres;17 años;2018;605
Total;Hombres;17 años;2017;701
Total;Hombres;17 años;2016;715
Total;Hombres;17 años;2015;769
Total;Hombres;18 años;2024;789
Total;Hombres;18 años;2023;821
Total;Hombres;18 años;2022;792
Total;Hombres;18 años;2021;798
Total;Hombres;18 años;2020;922
Total;Hombres;18 años;2019;1.010
Total;Hombres;18 años;2018;1.023
Total;Hombres;18 años;2017;1.119
Total;Hombres;18 años;2016;1.153
Total;Hombres;18 años;2015;1.143
Total;Hombres;19 años;2024;1.235
Total;Hombres;19 años;2023;1.296
Total;Hombres;19 años;2022;1.266
Total;Hombres;19 años;2021;1.279
Total;Hombres;19 años;2020;1.407
Total;Hombres;19 años;2019;1.610
Total;Hombres;19 años;2018;1.471
Total;Hombres;19 años;2017;1.586
Total;Hombres;19 años;2016;1.667
Total;Hombres;19 años;2015;1.683
Total;Hombres;20 años;2024;1.695
Total;Hombres;20 años;2023;1.695
Total;Hombres;20 años;2022;1.696
Total;Hombres;20 años;2021;1.651
Total;Hombres;20 años;2020;1.932
Total;Hombres;20 años;2019;1.991
Total;Hombres;20 años;2018;1.960
Total;Hombres;20 años;2017;2.005
Total;Hombres;20 años;2016;2.015
Total;Hombres;20 años;2015;2.104
Total;Hombres;21 años;2024;2.219
Total;Hombres;21 años;2023;2.078
Total;Hombres;21 años;2022;2.167
Total;Hombres;21 años;2021;2.091
Total;Hombres;21 años;2020;2.240
Total;Hombres;21 años;2019;2.321
Total;Hombres;21 años;2018;2.385
Total;Hombres;21 años;2017;2.436
Total;Hombres;21 años;2016;2.417
Total;Hombres;21 años;2015;2.511
Total;Hombres;22 años;2024;2.578
Total;Hombres;22 años;2023;2.572
Total;Hombres;22 años;2022;2.572
Total;Hombres;22 años;2021;2.376
Total;Hombres;22 años;2020;2.719
Total;Hombres;22 años;2019;2.733
Total;Hombres;22 años;2018;2.749
Total;Hombres;22 años;2017;2.780
Total;Hombres;22 años;2016;2.787
Total;Hombres;22 años;2015;2.968
Total;Hombres;23 años;2024;3.153
Total;Hombres;23 años;2023;3.094
Total;Hombres;23 años;2022;2.935
Total;Hombres;23 años;2021;2.809
Total;Hombres;23 años;2020;2.968
Total;Hombres;23 años;2019;3.210
Total;Hombres;23 años;2018;3.195
Total;Hombres;23 años;2017;3.339
Total;Hombres;23 años;2016;3.494
Total;Hombres;23 años;2015;3.530
Total;Hombres;24 años;2024;3.688
Total;Hombres;24 años;2023;3.539
Total;Hombres;24 años;2022;3.303
Total;Hombres;24 años;2021;3.236
Total;Hombres;24 años;2020;3.575
Total;Hombres;24 años;2019;3.732
Total;Hombres;24 años;2018;3.754
Total;Hombres;24 años;2017;3.957
Total;Hombres;24 años;2016;4.153
Total;Hombres;24 años;2015;4.360
Total;Hombres;25 años;2024;4.122
Total;Hombres;25 años;2023;4.051
Total;Hombres;25 años;2022;3.958
Total;Hombres;25 años;2021;4.074
Total;Hombres;25 años;2020;4.219
Total;Hombres;25 años;2019;4.486
Total;Hombres;25 años;2018;4.599
Total;Hombres;25 años;2017;4.787
Total;Hombres;25 años;2016;5.077
Total;Hombres;25 años;2015;5.302
Total;Hombres;26 años;2024;4.685
Total;Hombres;26 años;2023;4.732
Total;Hombres;26 años;2022;4.761
Total;Hombres;26 años;2021;4.559
Total;Hombres;26 años;2020;4.937
Total;Hombres;26 años;2019;5.315
Total;Hombres;26 años;2018;5.461
Total;Hombres;26 años;2017;5.671
Total;Hombres;26 años;2016;6.092
Total;Hombres;26 años;2015;6.219
Total;Hombres;27 años;2024;5.686
Total;Hombres;27 años;2023;5.541
Total;Hombres;27 años;2022;5.517
Total;Hombres;27 años;2021;5.554
Total;Hombres;27 años;2020;6.116
Total;Hombres;27 años;2019;6.290
Total;Hombres;27 años;2018;6.519
Total;Hombres;27 años;2017;6.887
Total;Hombres;27 años;2016;7.224
Total;Hombres;27 años;2015;7.636
Total;Hombres;28 años;2024;6.474
Total;Hombres;28 años;2023;6.533
Total;Hombres;28 años;2022;6.632
Total;Hombres;28 años;2021;6.769
Total;Hombres;28 años;2020;7.101
Total;Hombres;28 años;2019;7.483
Total;Hombres;28 años;2018;7.840
Total;Hombres;28 años;2017;8.296
Total;Hombres;28 años;2016;8.714
Total;Hombres;28 años;2015;9.032
Total;Hombres;29 años;2024;7.632
Total;Hombres;29 años;2023;7.557
Total;Hombres;29 años;2022;8.027
Total;Hombres;29 años;2021;8.303
Total;Hombres;29 años;2020;8.402
Total;Hombres;29 años;2019;8.837
Total;Hombres;29 años;2018;9.012
Total;Hombres;29 años;2017;9.878
Total;Hombres;29 años;2016;10.395
Total;Hombres;29 años;2015;10.772
Total;Hombres;30 años;2024;8.835
Total;Hombres;30 años;2023;9.228
Total;Hombres;30 años;2022;9.298
Total;Hombres;30 años;2021;9.716
Total;Hombres;30 años;2020;9.628
Total;Hombres;30 años;2019;10.239
Total;Hombres;30 años;2018;10.670
Total;Hombres;30 años;2017;11.476
Total;Hombres;30 años;2016;12.145
Total;Hombres;30 años;2015;12.711
Total;Hombres;31 años;2024;10.133
Total;Hombres;31 años;2023;10.176
Total;Hombres;31 años;2022;10.560
Total;Hombres;31 años;2021;10.995
Total;Hombres;31 años;2020;10.921
Total;Hombres;31 años;2019;11.490
Total;Hombres;31 años;2018;11.967
Total;Hombres;31 años;2017;12.989
Total;Hombres;31 años;2016;13.664
Total;Hombres;31 años;2015;14.299
Total;Hombres;32 años;2024;11.216
Total;Hombres;32 años;2023;11.424
Total;Hombres;32 años;2022;11.568
Total;Hombres;32 años;2021;11.964
Total;Hombres;32 años;2020;11.760
Total;Hombres;32 años;2019;12.601
Total;Hombres;32 años;2018;12.770
Total;Hombres;32 años;2017;14.018
Total;Hombres;32 años;2016;14.960
Total;Hombres;32 años;2015;15.592
Total;Hombres;33 años;2024;11.710
Total;Hombres;33 años;2023;11.831
Total;Hombres;33 años;2022;12.086
Total;Hombres;33 años;2021;12.623
Total;Hombres;33 años;2020;12.597
Total;Hombres;33 años;2019;12.964
Total;Hombres;33 años;2018;14.032
Total;Hombres;33 años;2017;14.760
Total;Hombres;33 años;2016;15.826
Total;Hombres;33 años;2015;16.814
Total;Hombres;34 años;2024;11.996
Total;Hombres;34 años;2023;11.886
Total;Hombres;34 años;2022;12.404
Total;Hombres;34 años;2021;13.200
Total;Hombres;34 años;2020;12.572
Total;Hombres;34 años;2019;13.648
Total;Hombres;34 años;2018;14.302
Total;Hombres;34 años;2017;15.167
Total;Hombres;34 años;2016;16.457
Total;Hombres;34 años;2015;17.166
Total;Hombres;35 años;2024;11.823
Total;Hombres;35 años;2023;11.921
Total;Hombres;35 años;2022;12.293
Total;Hombres;35 años;2021;12.665
Total;Hombres;35 años;2020;12.351
Total;Hombres;35 años;2019;13.476
Total;Hombres;35 años;2018;14.028
Total;Hombres;35 años;2017;15.183
Total;Hombres;35 años;2016;16.226
Total;Hombres;35 años;2015;16.535
Total;Hombres;36 años;2024;11.068
Total;Hombres;36 años;2023;10.828
Total;Hombres;36 años;2022;11.440
Total;Hombres;36 años;2021;12.190
Total;Hombres;36 años;2020;11.669
Total;Hombres;36 años;2019;12.795
Total;Hombres;36 años;2018;13.629
Total;Hombres;36 años;2017;14.287
Total;Hombres;36 años;2016;14.800
Total;Hombres;36 años;2015;15.216
Total;Hombres;37 años;2024;9.867
Total;Hombres;37 años;2023;9.752
Total;Hombres;37 años;2022;10.382
Total;Hombres;37 años;2021;10.698
Total;Hombres;37 años;2020;10.778
Total;Hombres;37 años;2019;11.620
Total;Hombres;37 años;2018;12.017
Total;Hombres;37 años;2017;12.669
Total;Hombres;37 años;2016;13.040
Total;Hombres;37 años;2015;13.175
Total;Hombres;38 años;2024;8.183
Total;Hombres;38 años;2023;8.482
Total;Hombres;38 años;2022;9.093
Total;Hombres;38 años;2021;9.326
Total;Hombres;38 años;2020;9.442
Total;Hombres;38 años;2019;9.952
Total;Hombres;38 años;2018;10.372
Total;Hombres;38 años;2017;10.787
Total;Hombres;38 años;2016;10.937
Total;Hombres;38 años;2015;10.946
Total;Hombres;39 años;2024;7.055
Total;Hombres;39 años;2023;7.159
Total;Hombres;39 años;2022;7.578
Total;Hombres;39 años;2021;7.912
Total;Hombres;39 años;2020;7.822
Total;Hombres;39 años;2019;8.203
Total;Hombres;39 años;2018;8.237
Total;Hombres;39 años;2017;8.670
Total;Hombres;39 años;2016;8.796
Total;Hombres;39 años;2015;8.572
Total;Hombres;40 años;2024;5.570
Total;Hombres;40 años;2023;5.780
Total;Hombres;40 años;2022;6.226
Total;Hombres;40 años;2021;6.279
Total;Hombres;40 años;2020;6.152
Total;Hombres;40 años;2019;6.324
Total;Hombres;40 años;2018;6.654
Total;Hombres;40 años;2017;6.694
Total;Hombres;40 años;2016;6.708
Total;Hombres;40 años;2015;6.241
Total;Hombres;41 años;2024;4.021
Total;Hombres;41 años;2023;4.133
Total;Hombres;41 años;2022;4.399
Total;Hombres;41 años;2021;4.488
Total;Hombres;41 años;2020;4.303
Total;Hombres;41 años;2019;4.621
Total;Hombres;41 años;2018;4.519
Total;Hombres;41 años;2017;4.555
Total;Hombres;41 años;2016;4.394
Total;Hombres;41 años;2015;4.235
Total;Hombres;42 años;2024;2.829
Total;Hombres;42 años;2023;2.968
Total;Hombres;42 años;2022;2.909
Total;Hombres;42 años;2021;2.995
Total;Hombres;42 años;2020;2.907
Total;Hombres;42 años;2019;3.061
Total;Hombres;42 años;2018;2.902
Total;Hombres;42 años;2017;2.874
Total;Hombres;42 años;2016;2.696
Total;Hombres;42 años;2015;2.621
Total;Hombres;43 años;2024;1.795
Total;Hombres;43 años;2023;1.804
Total;Hombres;43 años;2022;1.831
Total;Hombres;43 años;2021;1.904
Total;Hombres;43 años;2020;1.827
Total;Hombres;43 años;2019;1.774
Total;Hombres;43 años;2018;1.813
Total;Hombres;43 años;2017;1.816
Total;Hombres;43 años;2016;1.592
Total;Hombres;43 años;2015;1.578
Total;Hombres;44 años;2024;1.135
Total;Hombres;44 años;2023;1.167
Total;Hombres;44 años;2022;1.181
Total;Hombres;44 años;2021;1.165
Total;Hombres;44 años;2020;1.071
Total;Hombres;44 años;2019;1.189
Total;Hombres;44 años;2018;1.084
Total;Hombres;44 años;2017;1.020
Total;Hombres;44 años;2016;1.002
Total;Hombres;44 años;2015;947
Total;Hombres;45 años;2024;672
Total;Hombres;45 años;2023;714
Total;Hombres;45 años;2022;735
Total;Hombres;45 años;2021;701
Total;Hombres;45 años;2020;650
Total;Hombres;45 años;2019;678
Total;Hombres;45 años;2018;640
Total;Hombres;45 años;2017;647
Total;Hombres;45 años;2016;631
Total;Hombres;45 años;2015;525
Total;Hombres;46 años;2024;406
Total;Hombres;46 años;2023;435
Total;Hombres;46 años;2022;444
Total;Hombres;46 años;2021;434
Total;Hombres;46 años;2020;366
Total;Hombres;46 años;2019;345
Total;Hombres;46 años;2018;377
Total;Hombres;46 años;2017;341
Total;Hombres;46 años;2016;275
Total;Hombres;46 años;2015;247
Total;Hombres;47 años;2024;273
Total;Hombres;47 años;2023;258
Total;Hombres;47 años;2022;254
Total;Hombres;47 años;2021;203
Total;Hombres;47 años;2020;202
Total;Hombres;47 años;2019;210
Total;Hombres;47 años;2018;221
Total;Hombres;47 años;2017;226
Total;Hombres;47 años;2016;142
Total;Hombres;47 años;2015;150
Total;Hombres;48 años;2024;140
Total;Hombres;48 años;2023;155
Total;Hombres;48 años;2022;167
Total;Hombres;48 años;2021;138
Total;Hombres;48 años;2020;136
Total;Hombres;48 años;2019;130
Total;Hombres;48 años;2018;101
Total;Hombres;48 años;2017;107
Total;Hombres;48 años;2016;88
Total;Hombres;48 años;2015;70
Total;Hombres;49 años;2024;105
Total;Hombres;49 años;2023;99
Total;Hombres;49 años;2022;101
Total;Hombres;49 años;2021;86
Total;Hombres;49 años;2020;69
Total;Hombres;49 años;2019;76
Total;Hombres;49 años;2018;53
Total;Hombres;49 años;2017;64
Total;Hombres;49 años;2016;72
Total;Hombres;49 años;2015;53
Total;Hombres;50 y más años;2024;143
Total;Hombres;50 y más años;2023;127
Total;Hombres;50 y más años;2022;132
Total;Hombres;50 y más años;2021;118
Total;Hombres;50 y más años;2020;95
Total;Hombres;50 y más años;2019;100
Total;Hombres;50 y más años;2018;93
Total;Hombres;50 y más años;2017;86
Total;Hombres;50 y más años;2016;65
Total;Hombres;50 y más años;2015;69
Total;Mujeres;Menos de 15 años;2024;40
Total;Mujeres;Menos de 15 años;2023;28
Total;Mujeres;Menos de 15 años;2022;36
Total;Mujeres;Menos de 15 años;2021;28
Total;Mujeres;Menos de 15 años;2020;28
Total;Mujeres;Menos de 15 años;2019;42
Total;Mujeres;Menos de 15 años;2018;33
Total;Mujeres;Menos de 15 años;2017;53
Total;Mujeres;Menos de 15 años;2016;51
Total;Mujeres;Menos de 15 años;2015;46
Total;Mujeres;15 años;2024;99
Total;Mujeres;15 años;2023;88
Total;Mujeres;15 años;2022;84
Total;Mujeres;15 años;2021;95
Total;Mujeres;15 años;2020;107
Total;Mujeres;15 años;2019;139
Total;Mujeres;15 años;2018;137
Total;Mujeres;15 años;2017;142
Total;Mujeres;15 años;2016;161
Total;Mujeres;15 años;2015;172
Total;Mujeres;16 años;2024;220
Total;Mujeres;16 años;2023;215
Total;Mujeres;16 años;2022;208
Total;Mujeres;16 años;2021;251
Total;Mujeres;16 años;2020;248
Total;Mujeres;16 años;2019;293
Total;Mujeres;16 años;2018;294
Total;Mujeres;16 años;2017;369
Total;Mujeres;16 años;2016;392
Total;Mujeres;16 años;2015;376
Total;Mujeres;17 años;2024;350
Total;Mujeres;17 años;2023;404
Total;Mujeres;17 años;2022;460
Total;Mujeres;17 años;2021;414
Total;Mujeres;17 años;2020;470
Total;Mujeres;17 años;2019;539
Total;Mujeres;17 años;2018;563
Total;Mujeres;17 años;2017;722
Total;Mujeres;17 años;2016;693
Total;Mujeres;17 años;2015;733
Total;Mujeres;18 años;2024;759
Total;Mujeres;18 años;2023;692
Total;Mujeres;18 años;2022;725
Total;Mujeres;18 años;2021;704
Total;Mujeres;18 años;2020;779
Total;Mujeres;18 años;2019;879
Total;Mujeres;18 años;2018;1.031
Total;Mujeres;18 años;2017;1.013
Total;Mujeres;18 años;2016;1.055
Total;Mujeres;18 años;2015;1.100
Total;Mujeres;19 años;2024;1.230
Total;Mujeres;19 años;2023;1.190
Total;Mujeres;19 años;2022;1.248
Total;Mujeres;19 años;2021;1.114
Total;Mujeres;19 años;2020;1.365
Total;Mujeres;19 años;2019;1.449
Total;Mujeres;19 años;2018;1.396
Total;Mujeres;19 años;2017;1.534
Total;Mujeres;19 años;2016;1.485
Total;Mujeres;19 años;2015;1.578
Total;Mujeres;20 años;2024;1.605
Total;Mujeres;20 años;2023;1.572
Total;Mujeres;20 años;2022;1.531
Total;Mujeres;20 años;2021;1.549
Total;Mujeres;20 años;2020;1.836
Total;Mujeres;20 años;2019;1.801
Total;Mujeres;20 años;2018;1.822
Total;Mujeres;20 años;2017;1.832
Total;Mujeres;20 años;2016;1.999
Total;Mujeres;20 años;2015;1.973
Total;Mujeres;21 años;2024;2.005
Total;Mujeres;21 años;2023;1.917
Total;Mujeres;21 años;2022;1.970
Total;Mujeres;21 años;2021;1.966
Total;Mujeres;21 años;2020;2.206
Total;Mujeres;21 años;2019;2.311
Total;Mujeres;21 años;2018;2.202
Total;Mujeres;21 años;2017;2.221
Total;Mujeres;21 años;2016;2.290
Total;Mujeres;21 años;2015;2.292
Total;Mujeres;22 años;2024;2.374
Total;Mujeres;22 años;2023;2.370
Total;Mujeres;22 años;2022;2.385
Total;Mujeres;22 años;2021;2.339
Total;Mujeres;22 años;2020;2.541
Total;Mujeres;22 años;2019;2.635
Total;Mujeres;22 años;2018;2.569
Total;Mujeres;22 años;2017;2.709
Total;Mujeres;22 años;2016;2.622
Total;Mujeres;22 años;2015;2.828
Total;Mujeres;23 años;2024;2.819
Total;Mujeres;23 años;2023;2.942
Total;Mujeres;23 años;2022;2.751
Total;Mujeres;23 años;2021;2.679
Total;Mujeres;23 años;2020;2.853
Total;Mujeres;23 años;2019;3.052
Total;Mujeres;23 años;2018;3.037
Total;Mujeres;23 años;2017;3.077
Total;Mujeres;23 años;2016;3.276
Total;Mujeres;23 años;2015;3.279
Total;Mujeres;24 años;2024;3.510
Total;Mujeres;24 años;2023;3.286
Total;Mujeres;24 años;2022;3.124
Total;Mujeres;24 años;2021;3.085
Total;Mujeres;24 años;2020;3.400
Total;Mujeres;24 años;2019;3.676
Total;Mujeres;24 años;2018;3.544
Total;Mujeres;24 años;2017;3.843
Total;Mujeres;24 años;2016;3.822
Total;Mujeres;24 años;2015;3.991
Total;Mujeres;25 años;2024;3.914
Total;Mujeres;25 años;2023;3.848
Total;Mujeres;25 años;2022;3.736
Total;Mujeres;25 años;2021;3.692
Total;Mujeres;25 años;2020;3.972
Total;Mujeres;25 años;2019;4.235
Total;Mujeres;25 años;2018;4.288
Total;Mujeres;25 años;2017;4.457
Total;Mujeres;25 años;2016;4.644
Total;Mujeres;25 años;2015;4.778
Total;Mujeres;26 años;2024;4.499
Total;Mujeres;26 años;2023;4.539
Total;Mujeres;26 años;2022;4.439
Total;Mujeres;26 años;2021;4.355
Total;Mujeres;26 años;2020;4.783
Total;Mujeres;26 años;2019;5.081
Total;Mujeres;26 años;2018;5.054
Total;Mujeres;26 años;2017;5.531
Total;Mujeres;26 años;2016;5.853
Total;Mujeres;26 años;2015;5.828
Total;Mujeres;27 años;2024;5.287
Total;Mujeres;27 años;2023;5.323
Total;Mujeres;27 años;2022;5.298
Total;Mujeres;27 años;2021;5.319
Total;Mujeres;27 años;2020;5.751
Total;Mujeres;27 años;2019;5.862
Total;Mujeres;27 años;2018;6.206
Total;Mujeres;27 años;2017;6.500
Total;Mujeres;27 años;2016;6.794
Total;Mujeres;27 años;2015;7.049
Total;Mujeres;28 años;2024;6.158
Total;Mujeres;28 años;2023;6.141
Total;Mujeres;28 años;2022;6.202
Total;Mujeres;28 años;2021;6.490
Total;Mujeres;28 años;2020;6.753
Total;Mujeres;28 años;2019;7.066
Total;Mujeres;28 años;2018;7.472
Total;Mujeres;28 años;2017;7.747
Total;Mujeres;28 años;2016;8.171
Total;Mujeres;28 años;2015;8.548
Total;Mujeres;29 años;2024;7.208
Total;Mujeres;29 años;2023;7.347
Total;Mujeres;29 años;2022;7.503
Total;Mujeres;29 años;2021;7.801
Total;Mujeres;29 años;2020;7.992
Total;Mujeres;29 años;2019;8.275
Total;Mujeres;29 años;2018;8.668
Total;Mujeres;29 años;2017;9.170
Total;Mujeres;29 años;2016;9.837
Total;Mujeres;29 años;2015;9.994
Total;Mujeres;30 años;2024;8.238
Total;Mujeres;30 años;2023;8.687
Total;Mujeres;30 años;2022;8.925
Total;Mujeres;30 años;2021;9.108
Total;Mujeres;30 años;2020;9.168
Total;Mujeres;30 años;2019;9.779
Total;Mujeres;30 años;2018;10.020
Total;Mujeres;30 años;2017;10.897
Total;Mujeres;30 años;2016;11.484
Total;Mujeres;30 años;2015;12.043
Total;Mujeres;31 años;2024;9.772
Total;Mujeres;31 años;2023;9.640
Total;Mujeres;31 años;2022;9.722
Total;Mujeres;31 años;2021;10.152
Total;Mujeres;31 años;2020;10.364
Total;Mujeres;31 años;2019;10.999
Total;Mujeres;31 años;2018;11.537
Total;Mujeres;31 años;2017;12.002
Total;Mujeres;31 años;2016;13.153
Total;Mujeres;31 años;2015;13.483
Total;Mujeres;32 años;2024;10.591
Total;Mujeres;32 años;2023;10.499
Total;Mujeres;32 años;2022;10.722
Total;Mujeres;32 años;2021;11.066
Total;Mujeres;32 años;2020;11.135
Total;Mujeres;32 años;2019;11.536
Total;Mujeres;32 años;2018;12.263
Total;Mujeres;32 años;2017;13.292
Total;Mujeres;32 años;2016;13.972
Total;Mujeres;32 años;2015;14.939
Total;Mujeres;33 años;2024;10.986
Total;Mujeres;33 años;2023;11.143
Total;Mujeres;33 años;2022;11.219
Total;Mujeres;33 años;2021;11.743
Total;Mujeres;33 años;2020;11.669
Total;Mujeres;33 años;2019;12.400
Total;Mujeres;33 años;2018;13.122
Total;Mujeres;33 años;2017;14.130
Total;Mujeres;33 años;2016;14.971
Total;Mujeres;33 años;2015;15.678
Total;Mujeres;34 años;2024;11.428
Total;Mujeres;34 años;2023;11.208
Total;Mujeres;34 años;2022;11.483
Total;Mujeres;34 años;2021;12.307
Total;Mujeres;34 años;2020;11.881
Total;Mujeres;34 años;2019;12.791
Total;Mujeres;34 años;2018;13.224
Total;Mujeres;34 años;2017;14.245
Total;Mujeres;34 años;2016;15.378
Total;Mujeres;34 años;2015;16.028
Total;Mujeres;35 años;2024;11.143
Total;Mujeres;35 años;2023;11.272
Total;Mujeres;35 años;2022;11.626
Total;Mujeres;35 años;2021;11.802
Total;Mujeres;35 años;2020;11.935
Total;Mujeres;35 años;2019;12.712
Total;Mujeres;35 años;2018;13.380
Total;Mujeres;35 años;2017;14.441
Total;Mujeres;35 años;2016;15.150
Total;Mujeres;35 años;2015;15.580
Total;Mujeres;36 años;2024;10.373
Total;Mujeres;36 años;2023;10.506
Total;Mujeres;36 años;2022;10.859
Total;Mujeres;36 años;2021;11.414
Total;Mujeres;36 años;2020;11.438
Total;Mujeres;36 años;2019;11.868
Total;Mujeres;36 años;2018;12.576
Total;Mujeres;36 años;2017;13.458
Total;Mujeres;36 años;2016;14.197
Total;Mujeres;36 años;2015;14.432
Total;Mujeres;37 años;2024;9.141
Total;Mujeres;37 años;2023;9.384
Total;Mujeres;37 años;2022;9.758
Total;Mujeres;37 años;2021;10.076
Total;Mujeres;37 años;2020;10.199
Total;Mujeres;37 años;2019;10.904
Total;Mujeres;37 años;2018;11.332
Total;Mujeres;37 años;2017;11.774
Total;Mujeres;37 años;2016;12.302
Total;Mujeres;37 años;2015;12.484
Total;Mujeres;38 años;2024;7.890
Total;Mujeres;38 años;2023;7.896
Total;Mujeres;38 años;2022;8.547
Total;Mujeres;38 años;2021;8.735
Total;Mujeres;38 años;2020;8.887
Total;Mujeres;38 años;2019;9.585
Total;Mujeres;38 años;2018;9.692
Total;Mujeres;38 años;2017;10.110
Total;Mujeres;38 años;2016;10.471
Total;Mujeres;38 años;2015;10.372
Total;Mujeres;39 años;2024;6.512
Total;Mujeres;39 años;2023;6.938
Total;Mujeres;39 años;2022;7.284
Total;Mujeres;39 años;2021;7.311
Total;Mujeres;39 años;2020;7.633
Total;Mujeres;39 años;2019;7.777
Total;Mujeres;39 años;2018;7.850
Total;Mujeres;39 años;2017;8.156
Total;Mujeres;39 años;2016;8.486
Total;Mujeres;39 años;2015;8.197
Total;Mujeres;40 años;2024;5.213
Total;Mujeres;40 años;2023;5.572
Total;Mujeres;40 años;2022;5.839
Total;Mujeres;40 años;2021;5.946
Total;Mujeres;40 años;2020;5.985
Total;Mujeres;40 años;2019;5.963
Total;Mujeres;40 años;2018;6.345
Total;Mujeres;40 años;2017;6.299
Total;Mujeres;40 años;2016;6.127
Total;Mujeres;40 años;2015;5.888
Total;Mujeres;41 años;2024;3.799
Total;Mujeres;41 años;2023;4.071
Total;Mujeres;41 años;2022;4.265
Total;Mujeres;41 años;2021;4.296
Total;Mujeres;41 años;2020;4.138
Total;Mujeres;41 años;2019;4.257
Total;Mujeres;41 años;2018;4.328
Total;Mujeres;41 años;2017;4.208
Total;Mujeres;41 años;2016;4.154
Total;Mujeres;41 años;2015;4.035
Total;Mujeres;42 años;2024;2.601
Total;Mujeres;42 años;2023;2.835
Total;Mujeres;42 años;2022;2.902
Total;Mujeres;42 años;2021;2.798
Total;Mujeres;42 años;2020;2.803
Total;Mujeres;42 años;2019;2.831
Total;Mujeres;42 años;2018;2.907
Total;Mujeres;42 años;2017;2.768
Total;Mujeres;42 años;2016;2.663
Total;Mujeres;42 años;2015;2.570
Total;Mujeres;43 años;2024;1.733
Total;Mujeres;43 años;2023;1.725
Total;Mujeres;43 años;2022;1.807
Total;Mujeres;43 años;2021;1.801
Total;Mujeres;43 años;2020;1.710
Total;Mujeres;43 años;2019;1.766
Total;Mujeres;43 años;2018;1.814
Total;Mujeres;43 años;2017;1.680
Total;Mujeres;43 años;2016;1.602
Total;Mujeres;43 años;2015;1.498
Total;Mujeres;44 años;2024;1.025
Total;Mujeres;44 años;2023;1.070
Total;Mujeres;44 años;2022;1.095
Total;Mujeres;44 años;2021;1.160
Total;Mujeres;44 años;2020;1.004
Total;Mujeres;44 años;2019;1.096
Total;Mujeres;44 años;2018;996
Total;Mujeres;44 años;2017;975
Total;Mujeres;44 años;2016;1.023
Total;Mujeres;44 años;2015;972
Total;Mujeres;45 años;2024;728
Total;Mujeres;45 años;2023;696
Total;Mujeres;45 años;2022;738
Total;Mujeres;45 años;2021;675
Total;Mujeres;45 años;2020;618
Total;Mujeres;45 años;2019;651
Total;Mujeres;45 años;2018;620
Total;Mujeres;45 años;2017;559
Total;Mujeres;45 años;2016;583
Total;Mujeres;45 años;2015;487
Total;Mujeres;46 años;2024;412
Total;Mujeres;46 años;2023;432
Total;Mujeres;46 años;2022;479
Total;Mujeres;46 años;2021;409
Total;Mujeres;46 años;2020;350
Total;Mujeres;46 años;2019;364
Total;Mujeres;46 años;2018;391
Total;Mujeres;46 años;2017;346
Total;Mujeres;46 años;2016;286
Total;Mujeres;46 años;2015;243
Total;Mujeres;47 años;2024;212
Total;Mujeres;47 años;2023;230
Total;Mujeres;47 años;2022;287
Total;Mujeres;47 años;2021;213
Total;Mujeres;47 años;2020;202
Total;Mujeres;47 años;2019;202
Total;Mujeres;47 años;2018;210
Total;Mujeres;47 años;2017;204
Total;Mujeres;47 años;2016;133
Total;Mujeres;47 años;2015;128
Total;Mujeres;48 años;2024;156
Total;Mujeres;48 años;2023;136
Total;Mujeres;48 años;2022;157
Total;Mujeres;48 años;2021;139
Total;Mujeres;48 años;2020;113
Total;Mujeres;48 años;2019;123
Total;Mujeres;48 años;2018;117
Total;Mujeres;48 años;2017;86
Total;Mujeres;48 años;2016;107
Total;Mujeres;48 años;2015;70
Total;Mujeres;49 años;2024;98
Total;Mujeres;49 años;2023;88
Total;Mujeres;49 años;2022;109
Total;Mujeres;49 años;2021;96
Total;Mujeres;49 años;2020;74
Total;Mujeres;49 años;2019;70
Total;Mujeres;49 años;2018;77
Total;Mujeres;49 años;2017;75
Total;Mujeres;49 años;2016;41
Total;Mujeres;49 años;2015;51
Total;Mujeres;50 y más años;2024;145
Total;Mujeres;50 y más años;2023;109
Total;Mujeres;50 y más años;2022;126
Total;Mujeres;50 y más años;2021;104
Total;Mujeres;50 y más años;2020;83
Total;Mujeres;50 y más años;2019;85
Total;Mujeres;50 y más años;2018;91
Total;Mujeres;50 y más años;2017;78
Total;Mujeres;50 y más años;2016;68
Total;Mujeres;50 y más años;2015;51
